m,k,nodes,edges,girth,is_bipartite,spectral_asymmetry,diameter,radius,graph_energy,lambda_max,lambda_min,algebraic_connectivity,avg_clustering_coeff,avg_shortest_path
3,0,12,18,3,False,0.7639320225002129,4,3,18.128990204491966,3.0000000000000027,-2.23606797749979,0.7639320225002114,0.16666666666666666,2.0454545454545454
3,1,18,27,3,False,0.35424868893540573,5,4,27.68380746754244,2.9999999999999947,-2.645751311064589,0.3542486889354111,0.1111111111111111,2.6470588235294117
3,2,24,36,3,False,0.20206734806818227,7,4,37.12461074378241,2.9999999999999987,-2.7979326519318164,0.20206734806818677,0.08333333333333333,3.239130434782609
3,3,30,45,3,False,0.13014495531572212,9,5,46.525573424034775,3.0000000000000004,-2.8698550446842783,0.13014495531572223,0.06666666666666667,3.8413793103448275
3,4,36,54,3,False,0.09068708882357424,11,6,55.90800981537492,2.999999999999993,-2.9093129111764187,0.09068708882359067,0.05555555555555555,4.457142857142857
3,5,42,63,3,False,0.06676365227592607,13,7,65.280208725183,3.0000000000000044,-2.9332363477240784,0.06676365227592312,0.047619047619047616,5.083623693379791
3,6,48,72,3,False,0.05118360523326304,15,8,74.64609879599499,3.0000000000000098,-2.9488163947667467,0.051183605233253916,0.041666666666666664,5.718085106382978
3,7,54,81,3,False,0.040477997523311604,17,9,84.00780706090843,3.0000000000000004,-2.959522002476689,0.04047799752331023,0.037037037037037035,6.3584905660377355
3,8,60,90,3,False,0.032808387518503235,19,10,93.36659512872927,3.000000000000001,-2.9671916124814977,0.03280838751849061,0.03333333333333333,7.003389830508475
3,9,66,99,3,False,0.027127332955893646,21,11,102.72326180816674,2.9999999999999956,-2.972872667044102,0.027127332955885798,0.0303030303030303,7.651748251748252
3,10,72,108,3,False,0.022802776913133815,23,12,112.07833841958458,3.00000000000001,-2.9771972230868764,0.022802776913110806,0.027777777777777776,8.30281690140845
3,11,78,117,3,False,0.019435075408654523,25,13,121.43219237591964,2.999999999999995,-2.9805649245913406,0.019435075408656587,0.025641025641025637,8.956043956043956
3,12,84,126,3,False,0.016761550139297476,27,14,130.78508593920625,3.0000000000000018,-2.9832384498607043,0.016761550139297327,0.023809523809523808,9.611015490533562
3,13,90,135,3,False,0.014603811395339505,29,15,140.13721134914522,2.999999999999999,-2.9853961886046596,0.01460381139534369,0.02222222222222222,10.26741573033708
3,14,96,144,3,False,0.01283727901994558,31,16,149.48871273820316,3.0000000000000027,-2.987162720980057,0.012837279019951967,0.020833333333333332,10.925
3,15,102,153,3,False,0.011372823730642523,33,17,158.839700297063,2.9999999999999862,-2.9886271762693437,0.011372823730667352,0.019607843137254898,11.583576004659289
3,16,108,162,3,False,0.010145319242284234,35,18,168.1902597118047,3.0000000000000067,-2.9898546807577224,0.010145319242282538,0.018518518518518517,12.242990654205608
3,17,114,171,3,False,0.009106285136331937,37,19,177.54045861773017,2.9999999999999862,-2.9908937148636543,0.00910628513634791,0.017543859649122806,12.903120633442013
3,18,120,180,3,False,0.008219031683525557,39,20,186.8903511152975,2.999999999999991,-2.9917809683164656,0.008219031683543843,0.016666666666666666,13.563865546218487
3,19,126,189,3,False,0.007455379630831871,41,21,196.23998099477276,3.000000000000003,-2.9925446203691712,0.007455379630820137,0.015873015873015872,14.225142857142858
3,20,132,198,3,False,0.006793397120129718,43,22,205.58938408081553,2.9999999999999933,-2.9932066028798636,0.006793397120110582,0.01515151515151515,14.886884108258155
3,21,138,207,3,False,0.006215808688697422,45,23,214.9385899650464,2.999999999999997,-2.9937841913112995,0.0062158086887218154,0.014492753623188404,15.549032053316408
3,22,144,216,3,False,0.005708857593293093,47,24,224.2876233052192,3.0000000000000004,-2.9942911424067074,0.005708857593295193,0.013888888888888888,16.21153846153846
3,23,150,225,3,False,0.005261479651690326,49,25,233.6365048124326,2.9999999999999996,-2.9947385203483092,0.005261479651701106,0.013333333333333332,16.87436241610738
3,24,156,234,3,False,0.00486469481054419,51,26,242.98525201040712,2.9999999999999885,-2.9951353051894443,0.004864694810565671,0.012820512820512818,17.537468982630273
3,25,162,243,3,False,0.0045111532559865,53,27,252.33387982596437,2.999999999999993,-2.9954888467440064,0.004511153255987959,0.012345679012345678,18.200828157349896
3,26,168,252,3,False,0.00419479278558299,55,28,261.6824010529183,2.99999999999999,-2.995805207214407,0.004194792785590153,0.011904761904761904,18.86441402908469
3,27,174,261,3,False,0.003910577332948417,57,29,271.0308267199547,3.00000000000001,-2.996089422667062,0.003910577332940404,0.011494252873563216,19.528204106039468
3,28,180,270,3,False,0.0036542954003069283,59,30,280.3791663849064,2.9999999999999973,-2.9963457045996904,0.0036542954002978514,0.01111111111111111,20.19217877094972
3,29,186,279,3,False,0.0034224032126952686,61,31,289.7274283720551,3.000000000000002,-2.996577596787307,0.00342240321269412,0.01075268817204301,20.856320836966
3,30,192,288,3,False,0.003211901603869638,63,32,299.07561996492416,3.0000000000000067,-2.996788098396137,0.0032119016038549214,0.010416666666666666,21.520615183246072
3,31,198,297,3,False,0.0030202385914712693,65,33,308.42374756400716,3.000000000000001,-2.9969797614085296,0.003020238591466884,0.0101010101010101,22.185048454083987
3,32,204,306,3,False,0.0028452316938807343,67,34,317.77181681665644,3.0000000000000053,-2.9971547683061246,0.002845231693875152,0.009803921568627449,22.84960880904086
3,33,210,315,3,False,0.0026850055456439925,69,35,327.11983272469706,2.9999999999999956,-2.9973149944543516,0.002685005545637599,0.009523809523809523,23.514285714285716
3,34,216,324,3,False,0.002537941463306659,71,36,336.467799734103,2.999999999999991,-2.9974620585366845,0.002537941463317852,0.009259259259259259,24.17906976744186
3,35,222,333,3,False,0.0024026364152662794,73,37,345.81572181012496,2.9999999999999925,-2.997597363584726,0.0024026364152742487,0.009009009009009007,24.843952549834903
3,36,228,342,3,False,0.0022778694437604052,75,38,355.1636025005566,2.999999999999998,-2.9977221305562374,0.002277869443753736,0.008771929824561403,25.508926501275216
3,37,234,351,3,False,0.0021625740316051356,77,39,364.5114449892636,3.0000000000000058,-2.9978374259684006,0.0021625740316002133,0.008547008547008546,26.173984813469794
3,38,240,360,3,False,0.002055815240633585,79,40,373.8592521416807,3.0000000000000058,-2.997944184759372,0.0020558152406316404,0.008333333333333333,26.839121338912133
3,39,246,369,3,False,0.001956770702761901,81,41,383.2070265436539,2.9999999999999947,-2.9980432292972328,0.0019567707027682247,0.008130081300813007,27.50433051269288
3,40,252,378,3,False,0.0018647147393817676,83,42,392.5547705347267,2.9999999999999867,-2.998135285260605,0.001864714739389495,0.007936507936507936,28.169607285145133
3,41,258,387,3,False,0.0017790050341193187,85,43,401.9024862367855,3.000000000000005,-2.9982209949658856,0.0017790050341182895,0.007751937984496123,28.834947063614152
3,42,264,396,3,False,0.0016990714004285756,87,44,411.25017557879653,2.9999999999999956,-2.998300928599567,0.0016990714004360035,0.007575757575757575,29.50034566194262
3,43,270,405,3,False,0.0016244062760897293,89,45,420.59784031824364,3.0000000000000098,-2.99837559372392,0.0016244062760754478,0.007407407407407407,30.165799256505576
3,44,276,414,3,False,0.0015545566473673667,91,46,429.94548205977185,2.999999999999996,-2.9984454433526286,0.0015545566473679014,0.007246376811594202,30.831304347826087
3,45,282,423,3,False,0.0014891171628832467,93,47,439.29310227144583,3.000000000000005,-2.9985108828371216,0.001489117162885317,0.007092198581560283,31.496857726962975
3,46,288,432,3,False,0.001427724240358863,95,48,448.64070229897993,2.999999999999994,-2.998572275759635,0.0014277242403486403,0.006944444444444444,32.16245644599303
3,47,294,441,3,False,0.0013700510063987537,97,49,457.9882833782269,2.9999999999999933,-2.9986299489935946,0.0013700510064052257,0.006802721088435373,32.82809779201783
3,48,300,450,3,False,0.0013158029373809832,99,50,467.33584664615944,3.000000000000001,-2.99868419706262,0.0013158029373801254,0.006666666666666666,33.49377926421405
3,49,306,459,3,False,0.001264714092264807,101,51,476.6833931505719,3.0000000000000115,-2.9987352859077467,0.0012647140922644048,0.0065359477124183,34.15949855351977
3,50,312,468,3,False,0.0012165438476103851,103,52,486.03092385864966,2.999999999999995,-2.9987834561523847,0.0012165438476097882,0.006410256410256409,34.82525352461044
4,0,16,24,4,False,0.5857864376269095,4,4,23.92694917562467,3.0000000000000018,-2.4142135623730923,0.763932022500209,0.0,2.3333333333333335
4,1,24,36,4,False,0.3542486889354066,6,5,36.26201291949546,2.999999999999998,-2.645751311064591,0.35424868893540695,0.0,2.971014492753623
4,2,32,48,4,False,0.20206734806818538,7,5,48.68525084010745,2.9999999999999942,-2.797932651931809,0.20206734806818566,0.0,3.5483870967741935
4,3,40,60,4,False,0.1301449553157239,9,6,61.16999639230414,3.000000000000002,-2.8698550446842783,0.13014495531572384,0.0,4.123076923076923
4,4,48,72,4,False,0.09068708882358978,11,6,73.69778157429465,2.999999999999998,-2.909312911176408,0.09068708882359179,0.0,4.709219858156028
4,5,56,84,4,False,0.06676365227591186,13,7,86.25653874747613,2.9999999999999925,-2.9332363477240806,0.06676365227592027,0.0,5.3090909090909095
4,6,64,96,4,False,0.051183605233270146,15,8,98.83800490138205,2.9999999999999996,-2.9488163947667294,0.05118360523325419,0.0,5.920634920634921
4,7,72,108,4,False,0.04047799752329917,17,9,111.43625346536042,2.999999999999995,-2.959522002476696,0.04047799752331437,0.0,6.541471048513302
4,8,80,120,4,False,0.03280838751849746,19,10,124.04690919008816,3.000000000000003,-2.9671916124815056,0.03280838751848679,0.0,7.169620253164557
4,9,88,132,4,False,0.027127332955901196,21,11,136.6667021665294,3.0000000000000218,-2.9728726670441206,0.027127332955887283,0.0,7.80355276907001
4,10,96,144,4,False,0.022802776913115164,23,12,149.29318586431924,3.000000000000006,-2.977197223086891,0.022802776913114137,0.0,8.442105263157895
4,11,104,156,4,False,0.019435075408654523,25,13,161.9245388756122,2.9999999999999925,-2.980564924591338,0.019435075408653465,0.0,9.084391336818522
4,12,112,168,4,False,0.016761550139301917,27,14,174.55941534107941,3.0000000000000053,-2.9832384498607034,0.016761550139302323,0.0,9.72972972972973
4,13,120,180,4,False,0.014603811395343946,29,15,187.1968286926218,3.0000000000000044,-2.9853961886046605,0.01460381139533934,0.0,10.377591036414566
4,14,128,192,4,False,0.012837279019966008,31,16,199.83606105194548,3.0000000000000058,-2.9871627209800398,0.012837279019943432,0.0,11.027559055118111
4,15,136,204,4,False,0.011372823730674941,33,17,212.4765933518987,3.0000000000000084,-2.9886271762693335,0.011372823730662453,0.0,11.679302832244009
4,16,144,216,4,False,0.010145319242292672,35,18,225.118052222938,3.000000000000001,-2.989854680757708,0.010145319242291572,0.0,12.332556332556333
4,17,152,228,4,False,0.009106285136342596,37,19,237.76017020607082,3.0000000000000027,-2.99089371486366,0.009106285136354395,0.0,12.987103520390379
4,18,160,240,4,False,0.008219031683565081,39,20,250.40275632692584,3.0000000000000093,-2.9917809683164442,0.008219031683545389,0.0,13.642767295597483
4,19,168,252,4,False,0.007455379630846526,41,21,263.0456745606025,3.0000000000000187,-2.992544620369172,0.007455379630824602,0.0,14.29940119760479
4,20,176,264,4,False,0.006793397120125277,43,22,275.6888282025807,3.000000000000003,-2.993206602879878,0.006793397120113377,0.0,14.956883116883116
4,21,184,276,4,False,0.006215808688719626,45,23,288.332148599384,2.9999999999999982,-2.9937841913112786,0.006215808688716462,0.0,15.61511047754811
4,22,192,288,4,False,0.005708857593295313,47,24,300.97558706311065,3.0,-2.9942911424067047,0.005708857593304319,0.0,16.273996509598604
4,23,200,300,4,False,0.0052614796517120865,49,25,313.61910909208564,3.000000000000015,-2.994738520348303,0.0052614796517027745,0.0,16.933467336683417
4,24,208,312,4,False,0.004864694810560177,51,26,326.2626902515219,2.9999999999999933,-2.995135305189433,0.004864694810564812,0.0,17.593459680416203
4,25,216,324,4,False,0.0045111532559865,53,27,338.90631324356127,2.9999999999999996,-2.995488846744013,0.004511153255989724,0.0,18.253919035314386
4,26,224,336,4,False,0.004194792785590096,55,28,351.54996582653405,3.000000000000011,-2.995805207214421,0.00419479278559268,0.0,18.91479820627803
4,27,232,348,4,False,0.003910577332955967,57,29,364.19363933900473,3.0000000000000098,-2.996089422667054,0.003910577332944777,0.0,19.576056127780266
4,28,240,360,4,False,0.0036542954002878325,59,30,376.8373276537069,2.999999999999997,-2.996345704599709,0.0036542954002934105,0.0,20.23765690376569
4,29,248,372,4,False,0.003422403212693048,61,31,389.481026436622,2.9999999999999933,-2.9965775967873003,0.0034224032127059476,0.0,20.89956902181011
4,30,256,384,4,False,0.0032119016038536508,63,32,402.1247326224243,3.0000000000000027,-2.996788098396149,0.0032119016038475883,0.0,21.561764705882354
4,31,264,396,4,False,0.003020238591479707,65,33,414.7684440432381,2.9999999999999987,-2.996979761408519,0.0030202385914735266,0.0,22.224219380112917
4,32,272,408,4,False,0.002845231693870076,67,34,427.41215916595775,2.999999999999992,-2.997154768306122,0.0028452316938690787,0.0,22.886911222053396
4,33,280,420,4,False,0.0026850055456391075,69,35,440.0558769064189,2.9999999999999876,-2.9973149944543485,0.0026850055456407065,0.0,23.549820788530464
4,34,288,432,4,False,0.002537941463316873,71,36,452.6995964979527,2.999999999999995,-2.9974620585366782,0.002537941463322216,0.0,24.21293070073558
4,35,296,444,4,False,0.002402636415269388,73,37,465.34331739841844,3.0,-2.9975973635847306,0.0024026364152762015,0.0,24.876225377920292
4,36,304,456,4,False,0.002277869443759073,75,38,477.98703922445196,3.0000000000000058,-2.9977221305562467,0.00227786944376091,0.0,25.539690811186382
4,37,312,468,4,False,0.002162574031578046,77,39,490.63076170496663,3.0000000000000013,-2.9978374259684233,0.002162574031603595,0.0,26.203314370516942
4,38,320,480,4,False,0.0020558152406198182,79,40,503.2744846482735,2.999999999999994,-2.997944184759374,0.0020558152406281744,0.0,26.867084639498433
4,39,328,492,4,False,0.001956770702773003,81,41,515.9182079188251,3.0000000000000027,-2.9980432292972297,0.0019567707027735868,0.0,27.530991273215484
4,40,336,504,4,False,0.0018647147393915375,83,42,528.5619314207752,3.0000000000000053,-2.998135285260614,0.001864714739393143,0.0,28.19502487562189
4,41,344,516,4,False,0.001779005034111325,85,43,541.2056550863483,2.999999999999994,-2.9982209949658825,0.0017790050341179135,0.0,28.859176893348703
4,42,352,528,4,False,0.001699071400425023,87,44,553.8493788676211,2.9999999999999982,-2.998300928599573,0.0016990714004344698,0.0,29.523439523439524
4,43,360,540,4,False,0.0016244062760817357,89,45,566.4931027307061,3.000000000000001,-2.998375593723919,0.0016244062760807578,0.0,30.18780563293098
4,44,368,552,4,False,0.0015545566473611494,91,46,579.136826651641,2.999999999999997,-2.9984454433526357,0.0015545566473731927,0.0,30.85226868854401
4,45,376,564,4,False,0.0014891171628841349,93,47,591.7805506134816,3.0,-2.998510882837116,0.0014891171628916256,0.0,31.51682269503546
4,46,384,576,4,False,0.001427724240353978,95,48,604.4242746042476,2.9999999999999947,-2.9985722757596407,0.001427724240348853,0.0,32.18146214099217
4,47,392,588,4,False,0.001370051006415629,97,49,617.0679986154669,3.0000000000000044,-2.998629948993589,0.0013700510064066239,0.0,32.84618195104129
4,48,400,600,4,False,0.0013158029373943059,99,50,629.7117226411482,3.0000000000000098,-2.9986841970626155,0.0013158029373861134,0.0,33.51097744360902
4,49,408,612,4,False,0.001264714092254593,101,51,642.3554466770559,2.9999999999999893,-2.9987352859077347,0.00126471409226108,0.0,34.17584429349135
4,50,416,624,4,False,0.001216543847619267,103,52,654.9991707201955,3.0000000000000053,-2.998783456152386,0.001216543847608596,0.0,34.84077849860982
5,0,20,30,5,False,0.7639320225002098,5,5,29.416407864998742,3.000000000000001,-2.236067977499791,0.7639320225002091,0.0,2.6315789473684212
5,1,30,45,5,False,0.35424868893540573,6,6,45.70364290244841,3.000000000000002,-2.6457513110645965,0.35424868893540784,0.0,3.2988505747126435
5,2,40,60,5,False,0.20206734806818538,8,6,61.608525201823,2.9999999999999982,-2.797932651931813,0.2020673480681916,0.0,3.891025641025641
5,3,50,75,5,False,0.1301449553157239,9,7,77.41125841387756,2.9999999999999987,-2.8698550446842748,0.13014495531572406,0.0,4.453061224489796
5,4,60,90,5,False,0.090687088823596,11,7,93.18148170385516,3.0000000000000084,-2.9093129111764124,0.09068708882359937,0.0,5.016949152542373
5,5,70,105,5,False,0.06676365227591408,13,8,108.94056770168696,2.99999999999999,-2.9332363477240757,0.066763652275921,0.0,5.592132505175983
5,6,80,120,5,False,0.05118360523324439,15,8,124.69570374860469,3.000000000000009,-2.9488163947667645,0.05118360523325162,0.0,6.180379746835443
5,7,90,135,5,False,0.04047799752331027,17,9,140.4494138775559,2.999999999999999,-2.959522002476689,0.04047799752331176,0.0,6.780274656679151
5,8,100,150,5,False,0.03280838751849524,19,10,156.20260411330136,3.0000000000000075,-2.9671916124815123,0.03280838751848511,0.0,7.38989898989899
5,9,110,165,5,False,0.027127332955871886,21,11,171.95560361715252,2.9999999999999964,-2.9728726670441246,0.02712733295588292,0.0,8.007506255212677
5,10,120,180,5,False,0.022802776913126266,23,12,187.70853284884163,3.000000000000012,-2.9771972230868857,0.02280277691311177,0.0,8.631652661064425
5,11,130,195,5,False,0.01943507540865319,25,13,203.46143610741504,3.0000000000000044,-2.9805649245913513,0.019435075408653867,0.0,9.261180679785332
5,12,140,210,5,False,0.01676155013927616,27,14,219.2143297419547,2.999999999999989,-2.9832384498607127,0.01676155013929297,0.0,9.895169578622816
5,13,150,225,5,False,0.014603811395343946,29,15,234.96721980302362,2.9999999999999893,-2.9853961886046454,0.014603811395340172,0.0,10.532885906040269
5,14,160,240,5,False,0.012837279019950909,31,16,250.72010853490656,2.9999999999999987,-2.9871627209800478,0.012837279019944857,0.0,11.17374213836478
5,15,170,255,5,False,0.011372823730668724,33,17,266.4729967716351,2.9999999999999982,-2.9886271762693295,0.011372823730666587,0.0,11.81726418378002
5,16,180,270,5,False,0.01014531924227935,35,18,282.22588482366075,2.9999999999999964,-2.989854680757717,0.010145319242283372,0.0,12.46306641837368
5,17,190,285,5,False,0.009106285136341707,37,19,297.9787728067075,3.000000000000006,-2.9908937148636645,0.009106285136352262,0.0,13.110832637148427
5,18,200,300,5,False,0.008219031683544209,39,20,313.7316607639657,3.0000000000000036,-2.9917809683164593,0.008219031683550218,0.0,13.760301507537688
5,19,210,315,5,False,0.0074553796308096665,41,21,329.4845487115731,3.0000000000000013,-2.9925446203691917,0.007455379630821125,0.0,14.41125541125541
5,20,220,330,5,False,0.0067933971201008525,43,22,345.2374366555664,2.99999999999999,-2.993206602879889,0.0067933971201196135,0.0,15.063511830635118
5,21,230,345,5,False,0.0062158086887262876,45,23,360.99032459820467,2.999999999999997,-2.9937841913112706,0.0062158086887244895,0.0,15.716916650844883
5,22,240,360,5,False,0.005708857593295313,47,24,376.74321254033464,2.9999999999999925,-2.994291142406697,0.005708857593300051,0.0,16.37133891213389
5,23,250,375,5,False,0.00526147965169077,49,25,392.4961004822742,3.000000000000001,-2.99473852034831,0.0052614796517000025,0.0,17.026666666666667
5,24,260,390,5,False,0.004864694810571724,51,26,408.24898842414194,2.999999999999997,-2.995135305189425,0.004864694810564125,0.0,17.682803682803684
5,25,270,405,5,False,0.004511153255974953,53,27,424.0018763659829,2.9999999999999996,-2.9954888467440246,0.004511153255986771,0.0,18.33966680435082
5,26,280,420,5,False,0.004194792785593204,55,28,439.7547643078137,3.0000000000000053,-2.995805207214412,0.004194792785588015,0.0,18.997183819764466
5,27,290,435,5,False,0.003910577332926657,57,29,455.5076522496404,2.999999999999994,-2.996089422667067,0.00391057733293571,0.0,19.65529173129698
5,28,300,450,5,False,0.003654295400304264,59,30,471.260540191466,3.000000000000003,-2.996345704599699,0.003654295400301425,0.0,20.313935340022297
5,29,310,465,5,False,0.0034224032127054826,61,31,487.01342813329074,2.9999999999999996,-2.996577596787294,0.003422403212700067,0.0,20.973066082054494
5,30,320,480,5,False,0.0032119016038385517,63,32,502.76631607511524,2.9999999999999916,-2.996788098396153,0.0032119016038580635,0.0,21.63264106583072
5,31,330,495,5,False,0.0030202385914779306,65,33,518.5192040169402,3.0000000000000044,-2.9969797614085265,0.003020238591457615,0.0,22.292622271345675
5,32,340,510,5,False,0.002845231693874073,67,34,534.2720919587649,3.000000000000002,-2.997154768306128,0.0028452316938730893,0.0,22.952975880617736
5,33,350,525,5,False,0.002685005545651098,69,35,550.0249799005891,3.0000000000000053,-2.9973149944543542,0.002685005545634616,0.0,23.61367171510438
5,34,360,540,5,False,0.0025379414633106556,71,36,565.7778678424139,2.999999999999993,-2.9974620585366822,0.002537941463322288,0.0,24.274682760755184
5,35,370,555,5,False,0.0024026364152582858,73,37,581.5307557842386,2.999999999999989,-2.9975973635847306,0.002402636415267543,0.0,24.935984765253057
5,36,380,570,5,False,0.002277869443758185,75,38,597.2836437260631,3.000000000000001,-2.9977221305562427,0.0022778694437606026,0.0,25.59755589501458
5,37,390,585,5,False,0.0021625740315935893,77,39,613.0365316678875,2.999999999999997,-2.9978374259684033,0.002162574031603401,0.0,26.25937644189572
5,38,400,600,5,False,0.0020558152406313646,79,40,628.7894196097126,2.999999999999999,-2.9979441847593677,0.0020558152406221454,0.0,26.92142857142857
5,39,410,615,5,False,0.0019567707027707826,81,41,644.5423075515371,2.999999999999994,-2.998043229297223,0.0019567707027768645,0.0,27.583696105909713
5,40,420,630,5,False,0.001864714739398643,83,42,660.2951954933619,3.000000000000008,-2.9981352852606094,0.0018647147393876838,0.0,28.24616433685646
5,41,430,645,5,False,0.0017790050341268682,85,43,676.0480834351861,3.0000000000000036,-2.9982209949658767,0.0017790050341161365,0.0,28.908819862308235
5,42,440,660,5,False,0.0016990714004374574,87,44,691.8009713770107,3.0000000000000027,-2.998300928599565,0.0016990714004254596,0.0,29.571650445226755
5,43,450,675,5,False,0.001624406276073298,89,45,707.5538593188355,2.9999999999999987,-2.9983755937239254,0.001624406276077983,0.0,30.234644889878744
5,44,460,690,5,False,0.0015545566473722516,91,46,723.3067472606599,3.0000000000000004,-2.998445443352628,0.0015545566473638547,0.0,30.89779293359856
5,45,470,705,5,False,0.0014891171628925726,93,47,739.059635202485,3.0000000000000218,-2.998510882837129,0.0014891171628909948,0.0,31.561085151748856
5,46,480,720,5,False,0.0014277242403601953,95,48,754.8125231443092,3.0000000000000044,-2.9985722757596442,0.001427724240347942,0.0,32.22451287404314
5,47,490,735,5,False,0.0013700510063734406,97,49,770.5654110861341,2.9999999999999822,-2.998629948993609,0.0013700510063962188,0.0,32.88806811067985
5,48,500,750,5,False,0.001315802937385424,99,50,786.3182990279588,3.0000000000000058,-2.9986841970626203,0.001315802937381947,0.0,33.55174348697395
5,49,510,765,5,False,0.0012647140922537048,101,51,802.0711869697836,2.9999999999999916,-2.998735285907738,0.00126471409226035,0.0,34.215532185369234
5,50,520,780,5,False,0.0012165438476072765,103,52,817.8240749116081,2.999999999999991,-2.998783456152384,0.0012165438476112833,0.0,34.87942789387876
6,0,24,36,5,False,0.585786437626914,5,5,36.02168192195563,3.0000000000000107,-2.4142135623730967,0.5690921631669335,0.0,2.9130434782608696
6,1,36,54,5,False,0.35424868893541106,7,7,55.24372721776257,3.000000000000005,-2.645751311064594,0.3542486889354152,0.0,3.638095238095238
6,2,48,72,5,False,0.20206734806820226,8,7,74.24298306362849,3.0000000000000115,-2.7979326519318093,0.20206734806818671,0.0,4.24468085106383
6,3,60,90,5,False,0.13014495531574433,10,8,93.17428450816305,3.000000000000028,-2.8698550446842837,0.13014495531572545,0.0,4.810169491525424
6,4,72,108,5,False,0.09068708882359156,11,8,112.07898119040624,3.0000000000000075,-2.909312911176416,0.09068708882358928,0.0,5.36150234741784
6,5,84,126,5,False,0.06676365227593317,13,9,130.97101015642758,3.000000000000001,-2.9332363477240677,0.06676365227592695,0.0,5.917383820998279
6,6,96,144,5,False,0.051183605233260376,15,9,149.85598215781252,2.999999999999991,-2.9488163947667307,0.05118360523325334,0.0,6.484210526315789
6,7,108,162,5,False,0.04047799752330272,17,10,168.7365389394762,2.9999999999999982,-2.9595220024766955,0.04047799752331323,0.0,7.063343717549325
6,8,120,180,5,False,0.03280838751848725,19,10,187.61410204975496,2.9999999999999893,-2.967191612481502,0.0328083875184912,0.0,7.653781512605042
6,9,132,198,5,False,0.02712733295587544,21,11,206.48952049329517,2.999999999999993,-2.9728726670441175,0.027127332955877808,0.0,8.253990284524635
6,10,144,216,5,False,0.022802776913116052,23,12,225.36334145662812,3.0000000000000058,-2.9771972230868897,0.02280277691311331,0.0,8.862470862470863
6,11,156,234,5,False,0.019435075408658964,25,13,244.23593739515033,2.999999999999996,-2.980564924591337,0.0194350754086581,0.0,9.477915632754343
6,12,168,252,5,False,0.01676155013928904,27,14,263.10757218045785,2.999999999999993,-2.983238449860704,0.016761550139312596,0.0,10.09923011120616
6,13,180,270,5,False,0.014603811395346167,29,15,281.9784385678761,3.0000000000000058,-2.9853961886046596,0.014603811395347499,0.0,10.725512104283053
6,14,192,288,5,False,0.01283727901996512,31,16,300.8486808555543,3.000000000000004,-2.987162720980039,0.012837279019952642,0.0,11.356020942408376
6,15,204,306,5,False,0.011372823730671833,33,17,319.71840928754983,2.9999999999999893,-2.9886271762693175,0.011372823730668998,0.0,11.990147783251231
6,16,216,324,5,False,0.010145319242271356,35,18,338.5877095671761,2.999999999999993,-2.9898546807577215,0.010145319242272115,0.0,12.627390180878553
6,17,228,342,5,False,0.009106285136332826,37,19,357.45664933531054,2.9999999999999916,-2.9908937148636587,0.009106285136352029,0.0,13.267331323904475
6,18,240,360,5,False,0.008219031683547762,39,20,376.3252826942176,3.000000000000002,-2.9917809683164545,0.00821903168354705,0.0,13.909623430962343
6,19,252,378,5,False,0.007455379630822101,41,21,395.1936534347499,3.0000000000000124,-2.9925446203691903,0.007455379630816721,0.0,14.55397457787896
6,20,264,396,5,False,0.0067933971201008525,43,22,414.061797381758,3.0000000000000075,-2.9932066028799067,0.006793397120116432,0.0,15.200138264777047
6,21,276,414,5,False,0.006215808688721847,45,23,432.92974412692445,2.9999999999999964,-2.9937841913112746,0.006215808688716143,0.0,15.847905138339922
6,22,288,432,5,False,0.00570885759328954,47,24,451.79751832802253,2.999999999999996,-2.9942911424067065,0.00570885759329956,0.0,16.497096399535423
6,23,300,450,5,False,0.0052614796516969875,49,25,470.665140696158,3.000000000000003,-2.994738520348306,0.005261479651690542,0.0,17.147558528428092
6,24,312,468,5,False,0.004864694810539305,51,26,489.53262875505385,3.0000000000000027,-2.9951353051894634,0.0048646948105697686,0.0,17.799159040316596
6,25,324,486,5,False,0.004511153255999378,53,27,508.3999974315322,3.000000000000006,-2.995488846744007,0.004511153255994007,0.0,18.45178305240225
6,26,336,504,5,False,0.004194792785600754,55,28,527.2672595194069,3.000000000000003,-2.9958052072144024,0.004194792785590561,0.0,19.105330490405116
6,27,348,522,5,False,0.003910577332955079,57,29,546.134426047364,3.000000000000002,-2.996089422667047,0.003910577332935455,0.0,19.759713803040842
6,28,360,540,5,False,0.003654295400281171,59,30,565.0015065732366,2.9999999999999902,-2.996345704599709,0.0036542954002939223,0.0,20.41485608170845
6,29,372,558,5,False,0.0034224032127117,61,31,583.868509421306,3.0000000000000084,-2.9965775967872967,0.003422403212700702,0.0,21.07068950526041
6,30,384,576,5,False,0.0032119016038567594,63,32,602.7354418750958,3.000000000000002,-2.9967880983961455,0.0032119016038550134,0.0,21.727154046997388
6,31,396,594,5,False,0.0030202385914677166,65,33,621.6023103350996,2.9999999999999947,-2.996979761408527,0.003020238591467209,0.0,22.384196394322977
6,32,408,612,5,False,0.002845231693884731,67,34,640.4691204486694,3.0000000000000053,-2.9971547683061206,0.0028452316938628913,0.0,23.04176904176904
6,33,420,630,5,False,0.0026850055456431043,69,35,659.3358772176309,2.9999999999999942,-2.997314994454351,0.002685005545637072,0.0,23.69982952608251
6,34,432,648,5,False,0.002537941463312432,71,36,678.2025850879575,3.0000000000000075,-2.997462058536695,0.002537941463312349,0.0,24.358339778293374
6,35,444,666,5,False,0.0024026364152818225,73,37,697.0692480249,2.999999999999997,-2.997597363584715,0.0024026364152634322,0.0,25.017265572570313
6,36,456,684,5,False,0.002277869443748415,75,38,715.9358695762529,2.9999999999999973,-2.997722130556249,0.002277869443747588,0.0,25.676576055523423
6,37,468,702,5,False,0.0021625740315989184,77,39,734.8024529258805,3.000000000000006,-2.9978374259684073,0.0021625740315951787,0.0,26.336243342667327
6,38,480,720,5,False,0.002055815240633585,79,40,753.6690009392181,3.0000000000000004,-2.997944184759367,0.002055815240628672,0.0,26.99624217118998
6,39,492,738,5,False,0.001956770702773447,81,41,772.5355162021121,2.9999999999999947,-2.9980432292972212,0.0019567707027681905,0.0,27.65654960011922
6,40,504,756,5,False,0.001864714739378659,83,42,791.4020010541064,2.999999999999997,-2.9981352852606182,0.0018647147393841728,0.0,28.317144750544355
6,41,516,774,5,False,0.0017790050341046637,85,43,810.2684576170855,2.9999999999999942,-2.9982209949658896,0.0017790050341147498,0.0,28.97800857981486
6,42,528,792,5,False,0.0016990714004383456,87,44,829.1348878200173,3.0000000000000004,-2.998300928599562,0.0016990714004340023,0.0,29.639123684664483
6,43,540,810,5,False,0.0016244062760844002,89,45,848.001293420386,3.000000000000006,-2.998375593723922,0.0016244062760777064,0.0,30.300474129045558
6,44,552,828,5,False,0.0015545566473660344,91,46,866.8676760228345,2.9999999999999964,-2.9984454433526304,0.0015545566473669872,0.0,30.962045293142904
6,45,564,846,5,False,0.0014891171628788058,93,47,885.7340370954287,2.9999999999999964,-2.9985108828371176,0.0014891171628818943,0.0,31.623823740599374
6,46,576,864,5,False,0.0014277242403499812,95,48,904.6003779838845,3.000000000000004,-2.998572275759654,0.0014277242403535311,0.0,32.285797101449276
6,47,588,882,5,False,0.0013700510064085236,97,49,923.4666999240515,2.9999999999999987,-2.99862994899359,0.0013700510064054,0.0,32.94795396864027
6,48,600,900,5,False,0.0013158029373827596,99,50,942.3330040529052,2.999999999999997,-2.998684197062614,0.0013158029373793465,0.0,33.61028380634391
6,49,612,918,5,False,0.0012647140922590339,101,51,961.199291418239,3.0000000000000058,-2.9987352859077467,0.0012647140922517875,0.0,34.27277686852155
6,50,624,936,5,False,0.0012165438476068324,103,52,980.065562987237,2.999999999999999,-2.9987834561523923,0.0012165438476131791,0.0,34.935424126435365
7,0,28,42,5,False,0.6680849422500517,6,6,42.26167729567951,3.0000000000000053,-2.3319150577499537,0.43775781134269787,0.0,3.185185185185185
7,1,42,63,5,False,0.3542486889354075,7,7,64.48164480176189,2.9999999999999916,-2.645751311064584,0.3386123569111912,0.0,3.9430894308943087
7,2,56,84,5,False,0.2020673480681956,9,8,86.48217986417005,3.0000000000000075,-2.797932651931812,0.2020673480681835,0.0,4.590909090909091
7,3,70,105,5,False,0.1301449553157199,10,9,108.51284156215227,3.000000000000004,-2.869855044684284,0.13014495531572595,0.0,5.168115942028986
7,4,84,126,5,False,0.09068708882355825,12,9,130.62054302462704,2.999999999999984,-2.9093129111764258,0.09068708882359175,0.0,5.720883534136546
7,5,98,147,5,False,0.06676365227592607,13,10,152.70654501731812,2.999999999999992,-2.933236347724066,0.06676365227592448,0.0,6.266568483063328
7,6,112,168,5,False,0.05118360523324261,15,10,174.78118366869666,2.999999999999997,-2.9488163947667543,0.05118360523324402,0.0,6.8175675675675675
7,7,126,189,5,False,0.04047799752332981,17,11,196.84940593513193,3.000000000000005,-2.959522002476675,0.040477997523321575,0.0,7.378666666666667
7,8,140,210,5,False,0.032808387518469484,19,11,218.91384444473914,2.99999999999999,-2.9671916124815203,0.032808387518486734,0.0,7.951079136690647
7,9,154,231,5,False,0.027127332955874994,21,12,240.97599361187255,2.999999999999997,-2.972872667044122,0.027127332955890926,0.0,8.534165181224004
7,10,168,252,5,False,0.0228027769131236,23,12,263.03673555521016,3.0000000000000075,-2.977197223086884,0.022802776913118113,0.0,9.126746506986027
7,11,182,273,5,False,0.019435075408654967,25,13,285.0966037298302,2.999999999999998,-2.980564924591343,0.019435075408649867,0.0,9.727581810454739
7,12,196,294,5,False,0.016761550139277936,27,14,307.15592575692835,2.999999999999987,-2.983238449860709,0.016761550139297976,0.0,10.335531135531136
7,13,210,315,5,False,0.014603811395338173,29,15,329.2149048866622,3.000000000000008,-2.98539618860467,0.014603811395341417,0.0,10.949601275917065
7,14,224,336,5,False,0.012837279019950909,31,16,351.2736680652232,2.9999999999999916,-2.9871627209800407,0.012837279019964114,0.0,11.568946188340806
7,15,238,357,5,False,0.011372823730678494,33,17,373.33229494574164,2.999999999999997,-2.9886271762693184,0.011372823730666136,0.0,12.192851824274014
7,16,252,378,5,False,0.010145319242273132,35,18,395.39083566639425,3.000000000000006,-2.989854680757733,0.010145319242277346,0.0,12.820717131474103
7,17,266,399,5,False,0.009106285136349701,37,19,417.4493218581067,2.9999999999999987,-2.990893714863649,0.009106285136344056,0.0,13.452035749751738
7,18,280,420,5,False,0.008219031683537548,39,20,439.5077735085815,3.00000000000001,-2.9917809683164727,0.008219031683544849,0.0,14.086379928315413
7,19,294,441,5,False,0.007455379630823433,41,21,461.5662032634369,3.0000000000000107,-2.9925446203691872,0.0074553796308189195,0.0,14.723386965707785
7,20,308,462,5,False,0.006793397120123501,43,22,483.6246191306112,2.999999999999995,-2.9932066028798716,0.006793397120108706,0.0,15.362748001184483
7,21,322,483,5,False,0.006215808688724511,45,23,505.68302618493385,2.999999999999998,-2.9937841913112733,0.00621580868871212,0.0,16.00419883516186
7,22,336,504,5,False,0.005708857593312633,47,24,527.7414276443884,3.0000000000000093,-2.9942911424066967,0.005708857593289226,0.0,16.647512437810946
7,23,350,525,5,False,0.0052614796516921025,49,25,549.7998255505624,3.0000000000000044,-2.9947385203483123,0.005261479651710185,0.0,17.292492836676217
7,24,364,546,5,False,0.004864694810563286,51,26,571.8582211992768,3.0000000000000075,-2.9951353051894443,0.004864694810556603,0.0,17.9389701207883
7,25,378,567,5,False,0.00451115325599627,53,27,593.9166154133297,3.000000000000014,-2.995488846744018,0.004511153255991812,0.0,18.586796345417035
7,26,392,588,5,False,0.004194792785557233,55,28,615.9750087153537,3.0000000000000013,-2.995805207214444,0.004194792785588332,0.0,19.23584216295214
7,27,406,609,5,False,0.003910577332932874,57,29,638.0334014374298,2.9999999999999947,-2.996089422667062,0.003910577332939961,0.0,19.885994040017028
7,28,420,630,5,False,0.003654295400290053,59,30,660.0917937906261,2.999999999999997,-2.996345704599707,0.003654295400296792,0.0,20.537151949085125
7,29,434,651,5,False,0.003422403212677949,61,31,682.150185909136,2.9999999999999916,-2.9965775967873136,0.0034224032126847705,0.0,21.189227445429488
7,30,448,672,5,False,0.0032119016038816284,63,32,704.2085778782998,3.0000000000000098,-2.996788098396128,0.003211901603851212,0.0,21.84214205816555
7,31,462,693,5,False,0.003020238591454394,65,33,726.2669697524027,2.9999999999999747,-2.9969797614085203,0.0030202385914633646,0.0,22.495825938342207
7,32,476,714,5,False,0.0028452316938629707,67,34,748.3253615659846,2.9999999999999956,-2.9971547683061326,0.0028452316938765076,0.0,23.150216718266254
7,33,490,735,5,False,0.002685005545632446,69,35,770.3837533410282,3.0000000000000093,-2.997314994454377,0.002685005545632305,0.0,23.805258545135846
7,34,504,756,5,False,0.0025379414633404096,71,36,792.4421450915272,2.999999999999999,-2.9974620585366587,0.002537941463317627,0.0,24.460901259111996
7,35,518,777,5,False,0.002402636415255621,73,37,814.5005368263895,2.9999999999999925,-2.997597363584737,0.002402636415274252,0.0,25.117099691567777
7,36,532,798,5,False,0.0022778694437604052,75,38,836.5589285512888,3.0000000000000115,-2.997722130556251,0.002277869443749702,0.0,25.773813063732778
7,37,546,819,5,False,0.002162574031606024,77,39,858.6173202698395,2.9999999999999964,-2.9978374259683904,0.0021625740315982522,0.0,26.43100446953658
7,38,560,840,5,False,0.002055815240638914,79,40,880.6757119843435,3.00000000000002,-2.997944184759381,0.0020558152406311998,0.0,27.088640429338103
7,39,574,861,5,False,0.0019567707027667858,81,41,902.7341036962686,3.0,-2.998043229297233,0.001956770702757202,0.0,27.74669050355425
7,40,588,882,5,False,0.0018647147393950902,83,42,924.7924954065479,3.0000000000000053,-2.9981352852606102,0.0018647147394026229,0.0,28.405126957086072
7,41,602,903,5,False,0.0017790050341273123,85,43,946.8508871157792,3.0000000000000075,-2.9982209949658802,0.0017790050341227937,0.0,29.06392446697365
7,42,616,924,5,False,0.001699071400415697,87,44,968.9092788243411,2.9999999999999902,-2.9983009285995745,0.001699071400435099,0.0,29.723059866962306
7,43,630,945,5,False,0.0016244062761008315,89,45,990.9676705324764,3.0000000000000098,-2.998375593723909,0.0016244062760756854,0.0,30.382511923688394
7,44,644,966,5,False,0.001554556647349603,91,46,1013.0260622403405,2.999999999999996,-2.9984454433526464,0.0015545566473692016,0.0,31.042261140036512
7,45,658,987,5,False,0.0014891171628654831,93,47,1035.0844539480304,2.999999999999986,-2.9985108828371203,0.0014891171628863568,0.0,31.702289581916514
7,46,672,1008,5,False,0.001427724240369077,95,48,1057.14284565561,3.0000000000000075,-2.9985722757596385,0.0014277242403585475,0.0,32.362580725285646
7,47,686,1029,5,False,0.0013700510063894278,97,49,1079.2012373631176,2.999999999999994,-2.9986299489936044,0.0013700510064040955,0.0,33.02311932072099
7,48,700,1050,5,False,0.0013158029373774305,99,50,1101.2596290705815,3.000000000000007,-2.9986841970626297,0.0013158029373756595,0.0,33.6838912732475
7,49,714,1071,5,False,0.001264714092244379,101,51,1123.3180207780147,2.999999999999971,-2.9987352859077268,0.0012647140922625825,0.0,34.34488353546187
7,50,728,1092,5,False,0.0012165438476032797,103,52,1145.37641248543,2.999999999999984,-2.9987834561523807,0.0012165438476076764,0.0,35.00608401227383
8,0,32,48,5,False,0.585786437626906,6,6,48.378900269985635,3.0,-2.414213562373094,0.34578818539002676,0.0,3.4516129032258065
8,1,48,72,5,False,0.3542486889354226,8,8,73.51849819607499,3.000000000000018,-2.6457513110645956,0.2686986839969047,0.0,4.24113475177305
8,2,64,96,5,False,0.20206734806819338,9,8,98.62906560279474,3.0000000000000013,-2.797932651931808,0.2020673480681851,0.0,4.916666666666667
8,3,80,120,5,False,0.1301449553157199,11,9,123.7225185065147,2.9999999999999933,-2.8698550446842734,0.13014495531572717,0.0,5.521518987341772
8,4,96,144,5,False,0.09068708882357202,12,10,148.82979145072636,2.999999999999993,-2.909312911176421,0.09068708882359028,0.0,6.082456140350877
8,5,112,168,5,False,0.0667636522759385,14,11,173.95542880438705,2.999999999999995,-2.9332363477240566,0.06676365227592362,0.0,6.628056628056628
8,6,128,192,5,False,0.05118360523326837,15,11,199.0977871095311,3.0000000000000018,-2.9488163947667334,0.0511836052332548,0.0,7.1702755905511815
8,7,144,216,5,False,0.04047799752331205,17,12,224.2539037241145,3.0000000000000053,-2.9595220024766933,0.040477997523306414,0.0,7.717948717948718
8,8,160,240,5,False,0.03280838751848991,19,12,249.42083966942144,2.9999999999999996,-2.9671916124815096,0.03280838751848736,0.0,8.274842767295597
8,9,176,264,5,False,0.02712733295586034,21,13,274.596058217073,2.999999999999989,-2.9728726670441286,0.027127332955882762,0.0,8.842077922077921
8,10,192,288,5,False,0.022802776913093403,23,13,299.7774999668034,2.9999999999999973,-2.977197223086904,0.02280277691311786,0.0,9.419284467713787
8,11,208,312,5,False,0.019435075408654967,25,14,324.9635524760848,3.0000000000000058,-2.980564924591351,0.01943507540864676,0.0,10.005574136008919
8,12,224,336,5,False,0.016761550139280157,27,14,350.1529843502572,2.9999999999999973,-2.983238449860717,0.016761550139296102,0.0,10.59993593850096
8,13,240,360,5,False,0.014603811395337729,29,15,375.3448723588875,3.000000000000001,-2.985396188604663,0.01460381139533371,0.0,11.20139470013947
8,14,256,384,5,False,0.012837279019969117,31,16,400.53853392546284,3.0,-2.987162720980031,0.012837279019954,0.0,11.80906862745098
8,15,272,408,5,False,0.011372823730677606,33,17,425.73346976495384,3.0000000000000036,-2.988627176269326,0.011372823730657367,0.0,12.422183633601042
8,16,288,432,5,False,0.010145319242272244,35,18,450.9293176394982,2.9999999999999933,-2.989854680757721,0.01014531924227887,0.0,13.04006968641115
8,17,304,456,5,False,0.009106285136345704,37,19,476.1258163750091,2.9999999999999964,-2.9908937148636507,0.009106285136346294,0.0,13.662150425568873
8,18,320,480,5,False,0.008219031683539768,39,20,501.32277855531765,2.999999999999997,-2.991780968316457,0.008219031683537022,0.0,14.287931034482758
8,19,336,504,5,False,0.007455379630802561,41,21,526.5200701746776,2.9999999999999942,-2.9925446203691917,0.007455379630813265,0.0,14.916986496090974
8,20,352,528,5,False,0.006793397120119948,43,22,551.7175956766548,2.999999999999996,-2.993206602879876,0.006793397120121107,0.0,15.548951048951048
8,21,368,552,5,False,0.006215808688730284,45,23,576.9152870617024,3.0000000000000004,-2.99378419131127,0.006215808688722362,0.0,16.183509062907238
8,22,384,576,5,False,0.005708857593292649,47,24,602.1130960149611,3.0000000000000018,-2.994291142406709,0.0057088575933020745,0.0,16.82038729329852
8,23,400,600,5,False,0.005261479651659684,49,25,627.310988247852,2.9999999999999782,-2.9947385203483186,0.005261479651702401,0.0,17.45934837092732
8,24,416,624,5,False,0.0048646948105610655,51,26,652.5089394474661,2.9999999999999845,-2.9951353051894234,0.00486469481056068,0.0,18.100185356811863
8,25,432,648,5,False,0.004511153255969624,53,27,677.7069323857306,2.9999999999999996,-2.99548884674403,0.004511153255995739,0.0,18.74271719515339
8,26,448,672,5,False,0.004194792785596757,55,28,702.9049548609726,3.0000000000000124,-2.9958052072144157,0.0041947927855719574,0.0,19.386784915308404
8,27,464,696,5,False,0.003910577332915555,57,29,728.1029982347031,2.99999999999999,-2.9960894226670742,0.003910577332938547,0.0,20.03224845460639
8,28,480,720,5,False,0.003654295400304708,59,30,753.3010563928308,3.0000000000000013,-2.9963457045996966,0.0036542954002903973,0.0,20.678983994432848
8,29,496,744,5,False,0.0034224032126846105,61,31,778.4991250089063,2.999999999999994,-2.996577596787309,0.003422403212692769,0.0,21.32688172043011
8,30,512,768,5,False,0.003211901603869194,63,32,803.6972010219597,3.0000000000000027,-2.9967880983961335,0.003211901603858942,0.0,21.975843933463796
8,31,528,792,5,False,0.003020238591479707,65,33,828.8952822666189,2.9999999999999942,-2.9969797614085145,0.003020238591471764,0.0,22.625783451210395
8,32,544,816,5,False,0.0028452316938825106,67,34,854.0933672112196,3.000000000000001,-2.9971547683061184,0.002845231693877409,0.0,23.27662225111039
8,33,560,840,5,False,0.002685005545631558,69,35,879.2914547724299,2.9999999999999933,-2.997314994454362,0.00268500554562062,0.0,23.928290314336827
8,34,576,864,5,False,0.002537941463302218,71,36,904.4895441840583,3.0000000000000018,-2.9974620585366996,0.0025379414633148515,0.0,24.580724637681158
8,35,592,888,5,False,0.0024026364152818225,73,37,929.6876349042421,3.0000000000000115,-2.9975973635847297,0.0024026364152835255,0.0,25.23386838615265
8,36,608,912,5,False,0.002277869443738645,75,38,954.8857265497759,2.9999999999999987,-2.99772213055626,0.0022778694437716783,0.0,25.88767016387757
8,37,624,936,5,False,0.0021625740316109088,77,39,980.0838188496649,3.000000000000005,-2.997837425968394,0.0021625740316091537,0.0,26.542083384780014
8,38,640,960,5,False,0.0020558152406371377,79,40,1005.2819116122732,3.000000000000004,-2.997944184759367,0.002055815240625355,0.0,27.19706572769953
8,39,656,984,5,False,0.0019567707027658976,81,41,1030.4800047020844,2.999999999999996,-2.99804322929723,0.0019567707027833975,0.0,27.852578663191213
8,40,672,1008,5,False,0.0018647147394057484,83,42,1055.6780980232693,3.0000000000000124,-2.9981352852606067,0.0018647147393942261,0.0,28.508587041373925
8,41,688,1032,5,False,0.0017790050341179864,85,43,1080.8761915080636,2.9999999999999973,-2.9982209949658793,0.0017790050341351354,0.0,29.165058731931893
8,42,704,1056,5,False,0.001699071400445451,87,44,1106.0742851085497,3.000000000000004,-2.9983009285995585,0.0016990714004435816,0.0,29.821964308806415
8,43,720,1080,5,False,0.0016244062760653044,89,45,1131.2723787908417,2.999999999999996,-2.9983755937239307,0.001624406276077222,0.0,30.479276773296245
8,44,736,1104,5,False,0.0015545566473718075,91,46,1156.470472530982,2.999999999999999,-2.9984454433526273,0.001554556647374034,0.0,31.136971310263235
8,45,752,1128,5,False,0.0014891171628730326,93,47,1181.6685663120272,2.9999999999999893,-2.9985108828371163,0.0014891171628801496,0.0,31.795025072952374
8,46,768,1152,5,False,0.001427724240353534,95,48,1206.8666601219961,2.999999999999998,-2.9985722757596442,0.0014277242403475342,0.0,32.453416992611906
8,47,784,1176,5,False,0.001370051006430284,97,49,1232.0647539524161,3.0000000000000124,-2.998629948993582,0.0013700510064044269,0.0,33.112127609664554
8,48,800,1200,5,False,0.0013158029373667723,99,50,1257.2628477973003,2.9999999999999947,-2.998684197062628,0.001315802937381393,0.0,33.77113892365457
8,49,816,1224,5,False,0.0012647140922625866,101,51,1282.4609416524104,3.0000000000000067,-2.998735285907744,0.0012647140922554317,0.0,34.430434259593405
8,50,832,1248,5,False,0.001216543847609941,103,52,1307.6590355147514,3.0000000000000098,-2.9987834561524,0.0012165438476132069,0.0,35.08999814866241
9,0,36,54,5,False,0.6269671404332295,7,7,54.023865597434515,2.9999999999999964,-2.373032859566767,0.2792980649754057,0.0,3.7142857142857144
9,1,54,81,5,False,0.35424868893542305,8,8,82.39658453588109,3.0000000000000187,-2.6457513110645956,0.21794571115355457,0.0,4.522012578616352
9,2,72,108,5,False,0.20206734806818272,10,9,110.76779278299381,3.0000000000000053,-2.7979326519318226,0.18811241600147655,0.0,5.22887323943662
9,3,90,135,5,False,0.130144955315739,11,10,139.20276012731387,3.000000000000001,-2.869855044684262,0.13014495531572262,0.0,5.858426966292135
9,4,108,162,5,False,0.09068708882358889,13,10,167.5876469484749,3.0000000000000004,-2.9093129111764116,0.09068708882359136,0.0,6.4392523364485985
9,5,126,189,5,False,0.0667636522759314,14,11,195.95026506216828,2.999999999999999,-2.9332363477240677,0.06676365227592643,0.0,6.990857142857143
9,6,144,216,5,False,0.05118360523326082,16,12,224.30169882626467,2.9999999999999956,-2.9488163947667347,0.05118360523326043,0.0,7.5323426573426575
9,7,162,243,5,False,0.04047799752331427,17,13,252.6469217388285,3.000000000000001,-2.9595220024766866,0.040477997523316864,0.0,8.072463768115941
9,8,180,270,5,False,0.032808387518500126,19,13,280.9883701923379,3.0000000000000204,-2.9671916124815203,0.0328083875184884,0.0,8.617877094972068
9,9,198,297,5,False,0.027127332955856343,21,14,309.32733583300563,2.9999999999999867,-2.9728726670441303,0.027127332955887356,0.0,9.171665897554222
9,10,216,324,5,False,0.022802776913103617,23,14,337.6645582025026,3.0000000000000004,-2.977197223086897,0.02280277691310077,0.0,9.734883720930233
9,11,234,351,5,False,0.019435075408646085,25,15,366.0004929399828,3.000000000000007,-2.980564924591361,0.019435075408649735,0.0,10.307362165731265
9,12,252,378,5,False,0.016761550139307246,27,15,394.3354397268224,3.000000000000004,-2.9832384498606968,0.01676155013931035,0.0,10.888446215139442
9,13,270,405,5,False,0.014603811395319521,29,16,422.6696066756583,3.0000000000000044,-2.985396188604685,0.014603811395342508,0.0,11.477323420074349
9,14,288,432,5,False,0.012837279019923376,31,16,451.0031446507644,2.9999999999999876,-2.987162720980064,0.012837279019945429,0.0,12.073170731707316
9,15,306,459,5,False,0.011372823730674497,33,17,479.33616669692344,2.9999999999999796,-2.988627176269305,0.011372823730667624,0.0,12.675216972034715
9,16,324,486,5,False,0.010145319242284678,35,18,507.6687597098695,2.9999999999999862,-2.9898546807577016,0.010145319242287754,0.0,13.282765737874097
9,17,342,513,5,False,0.009106285136349257,37,19,536.0009918374396,3.0000000000000178,-2.9908937148636685,0.009106285136338817,0.0,13.895199876524154
9,18,360,540,5,False,0.00821903168355309,39,20,564.3329173971958,2.9999999999999987,-2.9917809683164456,0.008219031683535008,0.0,14.511977715877437
9,19,378,567,5,False,0.00745537963080789,41,21,592.6645802713475,2.9999999999999956,-2.9925446203691877,0.00745537963081912,0.0,15.13262599469496
9,20,396,594,5,False,0.006793397120108402,43,22,620.9960163234864,2.9999999999999902,-2.993206602879882,0.0067933971201200715,0.0,15.756731875719218
9,21,414,621,5,False,0.0062158086887111885,45,23,649.327255161715,2.9999999999999942,-2.993784191311283,0.006215808688743209,0.0,16.383935151068535
9,22,432,648,5,False,0.005708857593282879,47,24,677.6583214507646,2.999999999999989,-2.994291142406706,0.00570885759329383,0.0,17.013921113689094
9,23,450,675,5,False,0.005261479651708534,49,25,705.9892359046869,3.000000000000002,-2.9947385203482937,0.005261479651702118,0.0,17.64641425389755
9,24,468,702,5,False,0.004864694810543746,51,26,734.3200160484537,2.9999999999999902,-2.9951353051894465,0.004864694810559037,0.0,18.281172788667437
9,25,486,729,5,False,0.004511153255994049,53,27,762.6506768094141,3.000000000000003,-2.995488846744009,0.004511153255987911,0.0,18.91798396334479
9,26,504,756,5,False,0.004194792785613188,55,28,790.981230981608,3.0000000000000147,-2.9958052072144015,0.004194792785588974,0.0,19.556660039761432
9,27,522,783,5,False,0.003910577332932874,57,29,819.311689593814,2.999999999999988,-2.996089422667055,0.003910577332947766,0.0,20.197034879872923
9,28,540,810,5,False,0.003654295400299379,59,30,847.6420622039052,3.0000000000000107,-2.9963457045997113,0.0036542954003015472,0.0,20.83896103896104
9,29,558,837,5,False,0.0034224032126806136,61,31,875.9723571361817,2.9999999999999942,-2.9965775967873136,0.0034224032127065846,0.0,21.482307291365032
9,30,576,864,5,False,0.003211901603869194,63,32,904.3025816741736,3.0000000000000075,-2.9967880983961384,0.0032119016038632936,0.0,22.12695652173913
9,31,594,891,5,False,0.0030202385914877006,65,33,932.632742218376,3.0000000000000084,-2.9969797614085207,0.003020238591466543,0.0,22.772803924574582
9,32,612,918,5,False,0.0028452316938714084,67,34,960.9628444161445,2.999999999999988,-2.9971547683061166,0.002845231693876031,0.0,23.419755463560218
9,33,630,945,5,False,0.0026850055456586475,69,35,989.2928932693044,3.000000000000007,-2.9973149944543485,0.002685005545635453,0.0,24.06772655007949
9,34,648,972,5,False,0.0025379414633142083,71,36,1017.6228932238291,3.0000000000000018,-2.9974620585366876,0.0025379414633110104,0.0,24.7166409067491
9,35,666,999,5,False,0.002402636415254289,73,37,1045.9528482449693,2.9999999999999813,-2.997597363584727,0.002402636415262623,0.0,25.36642958748222
9,36,684,1026,5,False,0.002277869443759961,75,38,1074.2827618805195,3.000000000000003,-2.997722130556243,0.0022778694437522763,0.0,26.017030130230406
9,37,702,1053,5,False,0.0021625740315887043,77,39,1102.6126373143452,3.0000000000000018,-2.997837425968413,0.0021625740315924158,0.0,26.668385822451445
9,38,720,1080,5,False,0.0020558152406100483,79,40,1130.9424774118806,2.9999999999999876,-2.9979441847593775,0.002055815240634926,0.0,27.320445062586927
9,39,738,1107,5,False,0.0019567707027756676,81,41,1159.272284758972,3.000000000000007,-2.9980432292972314,0.0019567707027704686,0.0,27.973160803521196
9,40,756,1134,5,False,0.0018647147393933139,83,42,1187.602061695163,3.0000000000000093,-2.998135285260616,0.0018647147393881984,0.0,28.626490066225166
9,41,774,1161,5,False,0.0017790050341179864,85,43,1215.9318103423411,3.00000000000001,-2.9982209949658922,0.0017790050341112795,0.0,29.280393513643613
9,42,792,1188,5,False,0.001699071400464991,87,44,1244.2615326294706,3.000000000000009,-2.998300928599544,0.0016990714004337037,0.0,29.934835076427998
9,43,810,1215,5,False,0.001624406276073742,89,45,1272.5912303140365,3.000000000000002,-2.9983755937239285,0.0016244062760827295,0.0,30.58978162340338
9,44,828,1242,5,False,0.0015545566473700312,91,46,1300.9209050006825,2.999999999999998,-2.9984454433526277,0.001554556647352451,0.0,31.245202670732347
9,45,846,1269,5,False,0.0014891171628854671,93,47,1329.2505581574746,2.999999999999996,-2.9985108828371105,0.0014891171628865086,0.0,31.901070124638046
9,46,864,1296,5,False,0.0014277242403402113,95,48,1357.5801911301285,3.0000000000000053,-2.998572275759665,0.0014277242403433496,0.0,32.55735805330243
9,47,882,1323,5,False,0.0013700510063969773,97,49,1385.9098051544931,3.000000000000003,-2.998629948993606,0.001370051006397269,0.0,33.214042484190045
9,48,900,1350,5,False,0.0013158029373792068,99,50,1414.2394013675446,3.0000000000000013,-2.998684197062622,0.0013158029373890783,0.0,33.87110122358176
9,49,918,1377,5,False,0.0012647140922426026,101,51,1442.5689808170746,2.999999999999982,-2.998735285907739,0.0012647140922524328,0.0,34.52851369555456
9,50,936,1404,5,False,0.0012165438475988388,103,52,1470.8985444702723,2.999999999999991,-2.9987834561523923,0.0012165438476059724,0.0,35.1862607980255
10,0,40,60,5,False,0.5857864376268962,7,7,59.73624075196632,2.999999999999996,-2.4142135623731,0.22988924952766088,0.0,3.9743589743589745
10,1,60,90,5,False,0.35424868893540706,9,9,91.78031113243426,3.000000000000001,-2.645751311064594,0.18003553835819477,0.0,4.80225988700565
10,2,80,120,5,False,0.20206734806817384,10,10,123.39569448834982,2.9999999999999902,-2.7979326519318164,0.15559327246978236,0.0,5.531645569620253
10,3,100,150,5,False,0.13014495531571724,12,11,155.02449529587852,2.9999999999999925,-2.869855044684275,0.13014495531571652,0.0,6.1878787878787875
10,4,120,180,5,False,0.09068708882359733,13,11,186.5862585192215,3.0000000000000013,-2.909312911176404,0.09068708882359253,0.0,6.787114845938375
10,5,140,210,5,False,0.06676365227595005,15,12,218.11903707338868,3.000000000000021,-2.933236347724071,0.06676365227592783,0.0,7.35251798561151
10,6,160,240,5,False,0.051183605233251495,16,12,249.63769205120573,3.0000000000000133,-2.948816394766762,0.051183605233242654,0.0,7.897798742138365
10,7,180,270,5,False,0.04047799752328407,18,13,281.14874700147834,2.9999999999999885,-2.9595220024767044,0.04047799752331563,0.0,8.436374922408442
10,8,200,300,5,False,0.032808387518477033,19,14,312.6553771541654,2.99999999999999,-2.9671916124815128,0.03280838751849223,0.0,8.974874371859297
10,9,220,330,5,False,0.0271273329558821,21,15,344.1592757906163,3.000000000000018,-2.972872667044136,0.027127332955886443,0.0,9.518472395184723
10,10,240,360,5,False,0.022802776913084077,23,15,375.66141713631043,2.9999999999999805,-2.9771972230868964,0.022802776913118314,0.0,10.0697350069735
10,11,260,390,5,False,0.019435075408659408,25,16,407.1623955518471,2.9999999999999964,-2.980564924591337,0.019435075408649336,0.0,10.62964062964063
10,12,280,420,5,False,0.016761550139280157,27,16,438.66258945208654,2.999999999999994,-2.9832384498607136,0.016761550139292494,0.0,11.19815668202765
10,13,300,450,5,False,0.014603811395318633,29,17,470.16224709558105,2.999999999999997,-2.9853961886046783,0.014603811395348738,0.0,11.774804905239687
10,14,320,480,5,False,0.012837279019954906,31,17,501.6615347764529,3.000000000000005,-2.98716272098005,0.01283727901995303,0.0,12.358934169278998
10,15,340,510,5,False,0.011372823730651849,33,18,533.1605655153198,2.9999999999999853,-2.9886271762693335,0.011372823730660158,0.0,12.949852507374631
10,16,360,540,5,False,0.010145319242284678,35,18,564.6594169222384,2.9999999999999942,-2.9898546807577095,0.010145319242284637,0.0,13.546889507892294
10,17,380,570,5,False,0.00910628513635725,37,19,596.1581426923011,2.9999999999999916,-2.9908937148636343,0.009106285136346235,0.0,14.149423691154006
10,18,400,600,5,False,0.008219031683536215,39,20,627.6567801831638,2.9999999999999867,-2.9917809683164505,0.008219031683540625,0.0,14.75689223057644
10,19,420,630,5,False,0.007455379630800785,41,21,659.1553554973423,2.9999999999999996,-2.9925446203691988,0.007455379630813193,0.0,15.368791908171383
10,20,440,660,5,False,0.006793397120124833,43,22,690.653886934379,3.0000000000000115,-2.9932066028798867,0.006793397120113949,0.0,15.984675916338787
10,21,460,690,5,False,0.006215808688728064,45,23,722.1523873578906,3.0000000000000115,-2.9937841913112835,0.006215808688738305,0.0,16.604148905939187
10,22,480,720,5,False,0.005708857593272665,47,24,753.6508658301472,2.999999999999977,-2.9942911424067042,0.00570885759327796,0.0,17.226861517049407
10,23,500,750,5,False,0.005261479651689438,49,25,785.149328747043,2.9999999999999916,-2.994738520348302,0.005261479651704549,0.0,17.85250501002004
10,24,520,780,5,False,0.004864694810565506,51,26,816.6477806295622,2.9999999999999916,-2.995135305189426,0.004864694810567562,0.0,18.480806284274493
10,25,540,810,5,False,0.004511153255996714,53,27,848.1462246776032,2.9999999999999987,-2.995488846744002,0.004511153255992052,0.0,19.111523397237683
10,26,560,840,5,False,0.004194792785600754,55,28,879.6446631586091,3.0000000000000067,-2.995805207214406,0.004194792785587396,0.0,19.744441604906722
10,27,580,870,5,False,0.0039105773329422,57,29,911.1430976808969,3.0000000000000075,-2.9960894226670653,0.003910577332934469,0.0,20.379369900541956
10,28,600,900,5,False,0.003654295400279839,59,30,942.6415293862798,2.9999999999999982,-2.9963457045997184,0.003654295400287772,0.0,21.01613800779076
10,29,620,930,5,False,0.00342240321269216,61,31,974.1399590860271,3.000000000000006,-2.996577596787314,0.0034224032127027925,0.0,21.654593777685132
10,30,640,960,5,False,0.0032119016038714143,63,32,1005.6383873569679,3.000000000000001,-2.9967880983961295,0.0032119016038549765,0.0,22.294600938967136
10,31,660,990,5,False,0.003020238591450841,65,33,1037.1368146095115,2.9999999999999827,-2.996979761408532,0.003020238591457261,0.0,22.936037154550053
10,32,680,1020,5,False,0.0028452316938860633,67,34,1068.635241135835,3.000000000000014,-2.997154768306128,0.002845231693865191,0.0,23.57879234167894
10,33,700,1050,5,False,0.0026850055456231203,69,35,1100.1336671440624,3.000000000000002,-2.997314994454379,0.0026850055456496286,0.0,24.222767218475372
10,34,720,1080,5,False,0.0025379414632964448,71,36,1131.6320927825147,2.9999999999999907,-2.9974620585366942,0.002537941463320489,0.0,24.86787204450626
10,35,740,1110,5,False,0.002402636415260062,73,37,1163.1305181569528,2.9999999999999902,-2.99759736358473,0.00240263641527255,0.0,25.514025527557326
10,36,760,1140,5,False,0.0022778694437572966,75,38,1194.6289433428171,2.999999999999998,-2.9977221305562405,0.0022778694437475704,0.0,26.161153872824354
10,37,780,1170,5,False,0.002162574031581599,77,39,1226.1273683939453,2.9999999999999902,-2.9978374259684086,0.0021625740315937875,0.0,26.80918995424772
10,38,800,1200,5,False,0.002055815240629144,79,40,1257.6257933487723,2.999999999999992,-2.997944184759363,0.00205581524065386,0.0,27.45807259073842
10,39,820,1230,5,False,0.0019567707027858816,81,41,1289.1242182347496,3.0000000000000036,-2.9980432292972177,0.0019567707027718156,0.0,28.10774591262396
10,40,840,1260,5,False,0.0018647147393822117,83,42,1320.622643071488,3.0000000000000067,-2.9981352852606244,0.0018647147393884786,0.0,28.75815880583461
10,41,860,1290,5,False,0.001779005034130865,85,43,1352.121067873,2.999999999999998,-2.998220994965867,0.0017790050341056347,0.0,29.409264423207084
10,42,880,1320,5,False,0.0016990714004330165,87,44,1383.619492649308,3.0000000000000013,-2.9983009285995683,0.0016990714004444878,0.0,30.06101975385252
10,43,900,1350,5,False,0.0016244062760661926,89,45,1415.1179174075764,2.9999999999999916,-2.9983755937239254,0.0016244062760780442,0.0,30.71338524286244
10,44,920,1380,5,False,0.0015545566473629258,91,46,1446.6163421529282,2.999999999999983,-2.99844544335262,0.0015545566473443304,0.0,31.3663244547476
10,45,940,1410,5,False,0.001489117162894793,93,47,1478.1147668890326,2.999999999999991,-2.9985108828370963,0.0014891171628812708,0.0,32.01980377495298
10,46,960,1440,5,False,0.0014277242403406554,95,48,1509.6131916185127,2.999999999999984,-2.9985722757596434,0.001427724240341755,0.0,32.67379214459506
10,47,980,1470,5,False,0.0013700510063925364,97,49,1541.1116163432498,3.0000000000000107,-2.998629948993618,0.0013700510063842858,0.0,33.328260824247984
10,48,1000,1500,5,False,0.001315802937364996,99,50,1572.6100410645843,3.0000000000000044,-2.9986841970626394,0.0013158029373761108,0.0,33.983183183183186
10,49,1020,1530,5,False,0.001264714092279906,101,51,1604.1084657834817,2.9999999999999973,-2.9987352859077174,0.0012647140922606628,0.0,34.63853451095846
10,50,1040,1560,5,False,0.0012165438476059443,103,52,1635.6068905006334,2.999999999999993,-2.998783456152387,0.0012165438476125037,0.0,35.29429184867106
11,0,44,66,5,False,0.6067665786093963,8,8,66.23272011897214,3.000000000000008,-2.3932334213906117,0.19228747359299417,0.0,4.232558139534884
11,1,66,99,5,False,0.35424868893540484,9,9,101.12981115681627,3.0,-2.645751311064595,0.15103860899422866,0.0,5.0717948717948715
11,2,88,132,5,False,0.20206734806819293,11,11,135.8016854313153,3.000000000000004,-2.797932651931811,0.13070368343466443,0.0,5.827586206896552
11,3,110,165,5,False,0.13014495531572745,12,12,170.40015398224512,2.9999999999999933,-2.869855044684266,0.1187071547337652,0.0,6.508256880733945
11,4,132,198,5,False,0.09068708882359466,14,12,205.0300294764744,3.0,-2.9093129111764053,0.09068708882359786,0.0,7.128498727735369
11,5,154,231,5,False,0.06676365227592651,15,13,239.72104007767973,3.000000000000004,-2.9332363477240775,0.06676365227592347,0.0,7.707749766573296
11,6,176,264,5,False,0.0511836052332626,17,13,274.39189107570866,2.999999999999999,-2.9488163947667365,0.05118360523325619,0.0,8.262857142857143
11,7,198,297,5,False,0.04047799752333159,18,14,309.0516772703335,3.0000000000000195,-2.959522002476688,0.040477997523309155,0.0,8.803722504230118
11,8,220,330,5,False,0.032808387518458826,20,14,343.7051436141465,2.999999999999986,-2.967191612481527,0.03280838751849251,0.0,9.340182648401827
11,9,242,363,5,False,0.027127332955883876,21,15,378.35490300174416,2.999999999999998,-2.972872667044114,0.027127332955881846,0.0,9.877404752923425
11,10,264,396,5,False,0.022802776913119605,23,16,413.0024478673889,3.000000000000015,-2.9771972230868955,0.022802776913113592,0.0,10.419518377693283
11,11,286,429,5,False,0.019435075408664737,25,17,447.6486521351057,3.000000000000015,-2.9805649245913504,0.01943507540864827,0.0,10.968690958164643
11,12,308,462,5,False,0.01676155013930014,27,17,482.2940365064991,3.0000000000000036,-2.9832384498607034,0.01676155013929524,0.0,11.52582596556538
11,13,330,495,5,False,0.014603811395348387,29,18,516.9389151846665,3.0000000000000093,-2.985396188604661,0.014603811395342973,0.0,12.09098277608916
11,14,352,528,5,False,0.012837279019987768,31,18,551.5834796450665,3.0000000000000164,-2.9871627209800287,0.01283727901994482,0.0,12.663817663817664
11,15,374,561,5,False,0.011372823730645631,33,19,586.2278475332919,2.9999999999999853,-2.9886271762693397,0.011372823730662288,0.0,13.243810124586027
11,16,396,594,5,False,0.010145319242278905,35,19,620.8720916577304,3.000000000000007,-2.989854680757728,0.010145319242288233,0.0,13.830379746835444
11,17,418,627,5,False,0.009106285136358139,37,20,655.5162573801823,2.9999999999999907,-2.9908937148636325,0.009106285136348835,0.0,14.422945853843242
11,18,440,660,5,False,0.008219031683545097,39,20,690.1603731425512,2.9999999999999925,-2.9917809683164474,0.008219031683543935,0.0,15.020956719817768
11,19,462,693,5,False,0.007455379630835868,41,21,724.8044568876142,3.000000000000019,-2.9925446203691832,0.0074553796308188735,0.0,15.62390248941225
11,20,484,726,5,False,0.0067933971201354915,43,22,759.4485200022314,3.0000000000000178,-2.9932066028798823,0.006793397120101827,0.0,16.231319405232448
11,21,506,759,5,False,0.006215808688746716,45,23,794.0925697545324,3.0000000000000115,-2.993784191311265,0.006215808688721121,0.0,16.842789496340938
11,22,528,792,5,False,0.00570885759328954,47,24,828.7366108095847,3.0000000000000044,-2.994291142406715,0.005708857593316175,0.0,17.457938013915243
11,23,550,825,5,False,0.005261479651705869,49,25,863.3806461777019,3.0000000000000058,-2.9947385203483,0.005261479651709804,0.0,18.076429872495446
11,24,572,858,5,False,0.00486469481054197,51,26,898.0246778112942,2.9999999999999933,-2.9951353051894514,0.00486469481055446,0.0,18.69796578202883
11,25,594,891,5,False,0.004511153256000711,53,27,932.6687069827319,3.0000000000000084,-2.9954888467440077,0.004511153255987346,0.0,19.322278433576916
11,26,616,924,5,False,0.004194792785576329,55,28,967.3127345249512,3.0000000000000027,-2.9958052072144263,0.004194792785576683,0.0,19.949128919860627
11,27,638,957,5,False,0.003910577332937315,57,29,1001.9567609855044,2.9999999999999956,-2.9960894226670582,0.003910577332943102,0.0,20.578303469929086
11,28,660,990,5,False,0.003654295400280283,59,30,1036.6007867257338,2.9999999999999942,-2.996345704599714,0.0036542954002973284,0.0,21.2096105209914
11,29,682,1023,5,False,0.0034224032127005977,61,31,1071.2448119849519,3.0000000000000115,-2.996577596787311,0.0034224032126953996,0.0,21.84287812041116
11,30,704,1056,5,False,0.0032119016038429926,63,32,1105.8888369221597,2.9999999999999916,-2.9967880983961486,0.003211901603846551,0.0,22.477951635846374
11,31,726,1089,5,False,0.003020238591440183,65,33,1140.5328616433214,2.9999999999999973,-2.996979761408557,0.0030202385914736016,0.0,23.114691745036573
11,32,748,1122,5,False,0.0028452316938776256,67,34,1175.176886219234,2.9999999999999987,-2.997154768306121,0.002845231693849411,0.0,23.75297267501378
11,33,770,1155,5,False,0.0026850055456439925,69,35,1209.8209106973218,3.000000000000007,-2.997314994454363,0.0026850055456288137,0.0,24.39268066134126
11,34,792,1188,5,False,0.0025379414632937802,71,36,1244.4649351094185,3.0000000000000018,-2.997462058536708,0.0025379414633030562,0.0,25.033712600084282
11,35,814,1221,5,False,0.0024026364152773816,73,37,1279.108959476932,2.9999999999999982,-2.997597363584721,0.0024026364152744902,0.0,25.675974867856787
11,36,836,1254,5,False,0.00227786944374353,75,38,1313.7529838142887,3.000000000000003,-2.9977221305562596,0.0022778694437701487,0.0,26.31938228805547
11,37,858,1287,5,False,0.0021625740316246755,77,39,1348.3970081312204,3.000000000000002,-2.9978374259683775,0.002162574031616431,0.0,26.963857224067258
11,38,880,1320,5,False,0.0020558152406349173,79,40,1383.041032434307,2.999999999999996,-2.997944184759361,0.002055815240614725,0.0,27.60932878270762
11,39,902,1353,5,False,0.0019567707027801085,81,41,1417.685056727998,3.000000000000012,-2.998043229297232,0.0019567707027594965,0.0,28.25573211336997
11,40,924,1386,5,False,0.0018647147393799912,83,42,1452.3290810153078,3.000000000000001,-2.998135285260621,0.001864714739399893,0.0,28.903007790331735
11,41,946,1419,5,False,0.0017790050341188746,85,43,1486.973105298281,3.0000000000000004,-2.9982209949658816,0.001779005034118106,0.0,29.551101267380336
11,42,968,1452,5,False,0.0016990714004188057,87,44,1521.617129578305,2.9999999999999925,-2.9983009285995736,0.0016990714004416847,0.0,30.19996239541224
11,43,990,1485,5,False,0.0016244062760764066,89,45,1556.2611538563215,3.000000000000002,-2.998375593723926,0.001624406276079273,0.0,30.849544994944388
11,44,1012,1518,5,False,0.0015545566473651462,91,46,1590.9051781329713,2.9999999999999907,-2.9984454433526255,0.0015545566473655916,0.0,31.499806476583668
11,45,1034,1551,5,False,0.0014891171628570454,93,47,1625.54920240869,2.9999999999999734,-2.9985108828371163,0.0014891171628984134,0.0,32.15070750344998
11,46,1056,1584,5,False,0.001427724240369077,95,48,1660.1932266837741,3.0000000000000013,-2.9985722757596323,0.0014277242403416563,0.0,32.80221169036335
11,47,1078,1617,5,False,0.001370051006390316,97,49,1694.837250958426,3.000000000000003,-2.998629948993613,0.0013700510063807427,0.0,33.454285335304036
11,48,1100,1650,5,False,0.0013158029373983027,99,50,1729.4812752327823,3.000000000000007,-2.998684197062609,0.0013158029373907109,0.0,34.10689717925387
11,49,1122,1683,5,False,0.001264714092255037,101,51,1764.125299506937,2.9999999999999893,-2.9987352859077343,0.0012647140922619152,0.0,34.76001819104091
11,50,1144,1716,5,False,0.001216543847624152,103,52,1798.7693237809535,2.9999999999999982,-2.998783456152374,0.001216543847608303,0.0,35.41362137425129
12,0,48,72,5,False,0.585786437626898,8,8,72.1958918751584,3.0000000000000053,-2.4142135623731074,0.16307111126108412,0.0,4.48936170212766
12,1,72,108,5,False,0.35424868893539774,10,10,110.30084942845993,2.999999999999988,-2.6457513110645903,0.1284060083078918,0.0,5.342723004694836
12,2,96,144,5,False,0.20206734806816806,11,11,148.0523375826561,2.9999999999999982,-2.79793265193183,0.11125260756590105,0.0,6.11578947368421
12,3,120,180,5,False,0.13014495531571812,13,13,185.75447250779115,2.999999999999998,-2.8698550446842797,0.10108957575628075,0.0,6.823529411764706
12,4,144,216,5,False,0.09068708882360221,14,13,223.46314035374883,3.0000000000000195,-2.9093129111764173,0.090687088823592,0.0,7.463869463869464
12,5,168,252,5,False,0.06676365227592695,16,14,261.1876957289389,3.000000000000004,-2.933236347724077,0.06676365227591667,0.0,8.059024807527802
12,6,192,288,5,False,0.05118360523323462,17,14,298.9272992173274,3.0000000000000004,-2.948816394766766,0.05118360523324726,0.0,8.62434554973822
12,7,216,324,5,False,0.040477997523310716,19,15,336.6791171339035,3.000000000000002,-2.9595220024766915,0.04047799752331395,0.0,9.172093023255814
12,8,240,360,5,False,0.03280838751846682,20,15,374.4403095989365,2.9999999999999942,-2.9671916124815274,0.03280838751848564,0.0,9.709623430962344
12,9,264,396,5,False,0.02712733295587766,22,16,412.20848466754353,3.000000000000007,-2.9728726670441294,0.027127332955885118,0.0,10.244382993432422
12,10,288,432,5,False,0.022802776913106726,23,16,449.9817504079118,3.0000000000000013,-2.9771972230868946,0.022802776913123046,0.0,10.78048780487805
12,11,312,468,5,False,0.01943507540864786,25,17,487.7586597732927,2.999999999999993,-2.980564924591345,0.019435075408645527,0.0,11.321296067276775
12,12,336,504,5,False,0.016761550139287706,27,18,525.5381312677124,2.9999999999999973,-2.9832384498607096,0.01676155013930469,0.0,11.868656716417911
12,13,360,540,5,False,0.014603811395333288,29,19,563.3193712056764,3.000000000000002,-2.985396188604669,0.014603811395343782,0.0,12.423398328690809
12,14,384,576,5,False,0.012837279019953574,31,19,601.1018060400659,2.9999999999999925,-2.987162720980039,0.01283727901994576,0.0,12.985639686684074
12,15,408,612,5,False,0.011372823730689152,33,20,638.885026956374,3.000000000000015,-2.988627176269326,0.011372823730661284,0.0,13.555138025726261
12,16,432,648,5,False,0.010145319242280237,35,20,676.6687462906087,2.999999999999977,-2.9898546807576967,0.010145319242283185,0.0,14.131477184841454
12,17,456,684,5,False,0.009106285136368353,37,21,714.4527642252388,2.999999999999995,-2.9908937148636268,0.009106285136363463,0.0,14.714170040485829
12,18,480,720,5,False,0.008219031683549538,39,21,752.2369438883094,3.0,-2.9917809683164505,0.008219031683557403,0.0,15.302713987473904
12,19,504,756,5,False,0.007455379630848746,41,22,790.021193045814,3.0000000000000115,-2.992544620369163,0.007455379630823927,0.0,15.896620278330019
12,20,528,792,5,False,0.006793397120098188,43,22,827.8054508180905,2.9999999999999982,-2.9932066028799,0.006793397120111082,0.0,16.495428670001726
12,21,552,828,5,False,0.006215808688728064,45,23,865.5896781433487,3.0000000000000053,-2.9937841913112773,0.006215808688716073,0.0,17.09871380099424
12,22,576,864,5,False,0.005708857593276662,47,24,903.373850991464,2.9999999999999947,-2.994291142406718,0.005708857593294963,0.0,17.706086956521737
12,23,600,900,5,False,0.005261479651670786,49,25,941.1579555718647,2.999999999999987,-2.9947385203483163,0.005261479651711752,0.0,18.31719532554257
12,24,624,936,5,False,0.004864694810578385,51,26,978.9419849734845,3.000000000000007,-2.9951353051894287,0.004864694810552526,0.0,18.93171996542783
12,25,648,972,5,False,0.004511153255954081,53,27,1016.7259368252919,2.999999999999984,-2.99548884674403,0.00451115325597874,0.0,19.549373175339174
12,26,672,1008,5,False,0.004194792785545687,55,28,1054.5098116794288,2.999999999999965,-2.9958052072144192,0.004194792785599009,0.0,20.1698956780924
12,27,696,1044,5,False,0.00391057733292266,57,29,1092.2936119031456,3.0000000000000027,-2.99608942266708,0.003910577332945305,0.0,20.79305383279583
12,28,720,1080,5,False,0.0036542954002971584,59,30,1130.07734092701,2.999999999999999,-2.996345704599702,0.003654295400285931,0.0,21.418636995827537
12,29,744,1116,5,False,0.003422403212697933,61,31,1167.8610027412833,3.000000000000001,-2.996577596787303,0.003422403212689741,0.0,22.046455086180696
12,30,768,1152,5,False,0.0032119016038483217,63,32,1205.6446015641652,3.0000000000000084,-2.99678809839616,0.003211901603871446,0.0,22.67633637548892
12,31,792,1188,5,False,0.0030202385914783747,65,33,1243.428141628272,2.999999999999996,-2.9969797614085176,0.003020238591473544,0.0,23.30812550281577
12,32,816,1224,5,False,0.0028452316938465394,67,34,1281.2116270478502,2.999999999999987,-2.9971547683061406,0.0028452316938785338,0.0,23.94168170335619
12,33,840,1260,5,False,0.002685005545651542,69,35,1318.9950617405627,2.9999999999999876,-2.997314994454336,0.002685005545645693,0.0,24.576877234803337
12,34,864,1296,5,False,0.0025379414633253106,71,36,1356.778449385713,2.9999999999999982,-2.997462058536673,0.0025379414633305833,0.0,25.21359598300502
12,35,888,1332,5,False,0.0024026364152685,73,37,1394.56179340641,2.9999999999999933,-2.997597363584725,0.0024026364152629253,0.0,25.851732228282398
12,36,912,1368,5,False,0.0022778694437470826,75,38,1432.3450969670855,2.999999999999999,-2.997722130556252,0.0022778694437678927,0.0,26.49118955456699
12,37,936,1404,5,False,0.0021625740315798225,77,39,1470.1283629805175,2.99999999999999,-2.99783742596841,0.0021625740316118655,0.0,27.13187988482106
12,38,960,1440,5,False,0.0020558152406104924,79,40,1507.9115941204516,2.999999999999987,-2.9979441847593766,0.0020558152406347507,0.0,27.773722627737225
12,39,984,1476,5,False,0.0019567707027441372,81,41,1545.6947928371865,3.000000000000006,-2.998043229297262,0.001956770702754245,0.0,28.416643922288664
12,40,1008,1512,5,False,0.0018647147394021957,83,42,1583.477961374419,3.00000000000002,-2.998135285260618,0.0018647147394117002,0.0,29.060575968222444
12,41,1032,1548,5,False,0.0017790050341353059,85,43,1621.2611017862603,3.0000000000000013,-2.998220994965866,0.0017790050341124982,0.0,29.70545643200325
12,42,1056,1584,5,False,0.0016990714004099239,87,44,1659.0442159537552,2.999999999999987,-2.998300928599577,0.0016990714004533642,0.0,30.35122791900043
12,43,1080,1620,5,False,0.0016244062760844002,89,45,1696.8273056004969,3.000000000000005,-2.9983755937239205,0.0016244062760654926,0.0,30.9978375038616
12,44,1104,1656,5,False,0.0015545566473504913,91,46,1734.6103723071694,2.999999999999987,-2.9984454433526366,0.0015545566473669388,0.0,31.645236312034374
12,45,1128,1692,5,False,0.0014891171628632627,93,47,1772.3934175248933,2.9999999999999942,-2.998510882837131,0.0014891171628892213,0.0,32.29337914629311
12,46,1152,1728,5,False,0.0014277242403575308,95,48,1810.176442587405,3.000000000000004,-2.9985722757596465,0.0014277242403529231,0.0,32.94222415291051
12,47,1176,1764,5,False,0.00137005100639076,97,49,1847.9594487220802,2.9999999999999867,-2.998629948993596,0.0013700510063999027,0.0,33.591732522796356
12,48,1200,1800,5,False,0.00131580293739475,99,50,1885.7424370599047,3.0000000000000133,-2.9986841970626186,0.0013158029373686703,0.0,34.2418682235196
12,49,1224,1836,5,False,0.0012647140922537048,101,51,1923.525408644435,2.999999999999998,-2.998735285907744,0.0012647140922674575,0.0,34.892597758645564
12,50,1248,1872,5,False,0.0012165438476272605,103,52,1961.308364439863,3.000000000000008,-2.9987834561523807,0.0012165438476022309,0.0,35.54388995126766
13,0,52,78,5,False,0.5958186047342577,9,9,78.29894489842677,2.999999999999993,-2.404181395265735,0.13995489787250343,0.0,4.745098039215686
13,1,78,117,5,False,0.3542486889354124,10,10,119.34300129715038,2.9999999999999987,-2.6457513110645863,0.1104286345202346,0.0,5.606060606060606
13,2,104,156,5,False,0.20206734806818893,12,12,160.21505964850658,2.9999999999999964,-2.7979326519318075,0.09577993968468239,0.0,6.398058252427185
13,3,130,195,5,False,0.13014495531572523,13,13,201.2098947797461,3.0000000000000093,-2.869855044684284,0.08707439422906803,0.0,7.127131782945736
13,4,156,234,5,False,0.09068708882360843,15,14,242.2438984001319,3.000000000000004,-2.9093129111763956,0.0813347906165482,0.0,7.791397849462365
13,5,182,273,5,False,0.06676365227592473,16,15,283.2359348355574,2.99999999999999,-2.933236347724065,0.0667636522759211,0.0,8.403314917127071
13,6,208,312,5,False,0.05118360523327459,18,15,324.20732776274804,3.0000000000000013,-2.9488163947667267,0.05118360523326714,0.0,8.981280193236715
13,7,234,351,5,False,0.04047799752330361,19,16,365.167800897033,2.9999999999999916,-2.959522002476688,0.04047799752331204,0.0,9.536957558416786
13,8,260,390,5,False,0.03280838751851123,21,16,406.1221227366286,2.9999999999999996,-2.9671916124814883,0.032808387518494575,0.0,10.07953667953668
13,9,286,429,5,False,0.027127332955862116,22,17,447.07277774565154,2.999999999999982,-2.9728726670441197,0.027127332955888667,0.0,10.614673046251994
13,10,312,468,5,False,0.022802776913102285,24,17,488.02113430342115,2.999999999999988,-2.9771972230868857,0.022802776913095697,0.0,11.14817792068596
13,11,338,507,5,False,0.019435075408661184,25,18,528.9679870249,3.000000000000015,-2.980564924591354,0.019435075408655862,0.0,11.683405615156357
13,12,364,546,5,False,0.01676155013930014,27,18,569.913820828755,2.999999999999998,-2.9832384498606976,0.016761550139298545,0.0,12.223140495867769
13,13,390,585,5,False,0.014603811395328403,29,19,610.8589451315984,2.9999999999999822,-2.985396188604654,0.014603811395323177,0.0,12.76898029134533
13,14,416,624,5,False,0.01283727901994558,31,20,651.803565010931,2.999999999999993,-2.9871627209800473,0.012837279019943245,0.0,13.321686746987952
13,15,442,663,5,False,0.011372823730647852,33,21,692.7478206498106,2.9999999999999956,-2.9886271762693477,0.011372823730669522,0.0,13.881419234360411
13,16,468,702,5,False,0.010145319242250483,35,21,733.6918102152295,2.9999999999999747,-2.989854680757724,0.010145319242281802,0.0,14.44801332381632
13,17,494,741,5,False,0.009106285136365244,37,22,774.6356037321714,3.0000000000000107,-2.9908937148636454,0.00910628513635294,0.0,15.02113803779225
13,18,520,780,5,False,0.008219031683553535,39,22,815.5792518522974,2.9999999999999996,-2.991780968316446,0.008219031683552399,0.0,15.600385356454721
13,19,546,819,5,False,0.0074553796308394205,41,23,856.522791600727,2.9999999999999996,-2.99254462036916,0.007455379630819723,0.0,16.18532110091743
13,20,572,858,5,False,0.006793397120122613,43,23,897.4662502584042,3.0,-2.9932066028798774,0.006793397120113834,0.0,16.77551345327177
13,21,598,897,5,False,0.006215808688706748,45,24,938.4096480498437,2.999999999999999,-2.9937841913112924,0.006215808688722265,0.0,17.370548394144635
13,22,624,936,5,False,0.005708857593303307,47,24,979.3530000399987,3.0000000000000027,-2.9942911424066994,0.005708857593302255,0.0,17.970037453183522
13,23,650,975,5,False,0.0052614796516872175,49,25,1020.296317493076,2.999999999999997,-2.9947385203483097,0.005261479651714397,0.0,18.57362095531587
13,24,676,1014,5,False,0.0048646948105912635,51,26,1061.239608857214,3.0000000000000284,-2.995135305189437,0.004864694810564882,0.0,19.18096866096866
13,25,702,1053,5,False,0.00451115325599627,53,27,1102.1828804844472,3.000000000000013,-2.9954888467440166,0.00451115325598171,0.0,19.79177894013843
13,26,728,1092,5,False,0.004194792785602974,55,28,1143.1261371608284,3.000000000000007,-2.995805207214404,0.004194792785595416,0.0,20.405777166437414
13,27,754,1131,5,False,0.003910577332945753,57,29,1184.0693824989244,3.000000000000006,-2.9960894226670605,0.003910577332948032,0.0,21.02271374273023
13,28,780,1170,5,False,0.0036542954002936057,59,30,1225.012619229724,2.9999999999999933,-2.9963457045996997,0.0036542954002938026,0.0,21.642362002567396
13,29,806,1209,5,False,0.0034224032126894954,61,31,1265.9558494205323,2.9999999999999925,-2.996577596787303,0.003422403212695966,0.0,22.26451612903226
13,30,832,1248,5,False,0.0032119016038412163,63,32,1306.8990746380946,3.000000000000007,-2.996788098396166,0.003211901603840341,0.0,22.88898916967509
13,31,858,1287,5,False,0.003020238591480151,65,33,1347.8422960710316,2.9999999999999973,-2.996979761408517,0.0030202385914469276,0.0,23.515611187723206
13,32,884,1326,5,False,0.0028452316938869515,67,34,1388.7855146219517,3.000000000000007,-2.99715476830612,0.00284523169387141,0.0,24.14422756645127
13,33,910,1365,5,False,0.0026850055456337785,69,35,1429.728730976836,2.9999999999999964,-2.9973149944543627,0.002685005545647758,0.0,24.774697469746975
13,34,936,1404,5,False,0.0025379414633057706,71,36,1470.6719456574424,3.0000000000000098,-2.997462058536704,0.0025379414633038147,0.0,25.406892453951276
13,35,962,1443,5,False,0.002402636415289816,73,37,1511.6151590608883,2.9999999999999973,-2.9975973635847075,0.002402636415254654,0.0,26.040695221756618
13,36,988,1482,5,False,0.0022778694437679547,75,38,1552.558371489622,3.000000000000004,-2.997722130556236,0.002277869443758026,0.0,26.67599850690556
13,37,1014,1521,5,False,0.0021625740315882602,77,39,1593.501583174129,3.000000000000003,-2.997837425968415,0.0021625740315994392,0.0,27.312704077758372
13,38,1040,1560,5,False,0.0020558152406646713,79,40,1634.4447942901509,3.000000000000018,-2.9979441847593535,0.002055815240609521,0.0,27.9507218479307
13,39,1066,1599,5,False,0.0019567707027694503,81,41,1675.3880049717525,3.0000000000000067,-2.998043229297237,0.001956770702766321,0.0,28.58996908278942
13,40,1092,1638,5,False,0.0018647147393973107,83,42,1716.3312153212587,3.0000000000000058,-2.9981352852606085,0.0018647147394078153,0.0,29.230369691414605
13,41,1118,1677,5,False,0.001779005034110881,85,43,1757.2744254168022,2.9999999999999916,-2.9982209949658807,0.0017790050341401614,0.0,29.871853594553517
13,42,1144,1716,5,False,0.0016990714004347929,87,44,1798.2176353180662,3.00000000000001,-2.9983009285995754,0.0016990714004273344,0.0,30.51435616002545
13,43,1170,1755,5,False,0.001624406276073742,89,45,1839.160845070662,2.999999999999995,-2.9983755937239214,0.0016244062760768611,0.0,31.157817697937457
13,44,1196,1794,5,False,0.0015545566473731398,91,46,1880.1040547094574,3.000000000000002,-2.998445443352629,0.0015545566473678797,0.0,31.802183008913953
13,45,1222,1833,5,False,0.0014891171628836908,93,47,1921.047264261118,3.0000000000000067,-2.998510882837123,0.001489117162879916,0.0,32.44740097931587
13,46,1248,1872,5,False,0.0014277242403557544,95,48,1961.9904737460415,3.0000000000000098,-2.998572275759654,0.0014277242403502532,0.0,33.093424218123495
13,47,1274,1911,5,False,0.0013700510063965332,97,49,2002.9336831798378,2.9999999999999902,-2.9986299489935937,0.0013700510063951372,0.0,33.74020873078218
13,48,1300,1950,5,False,0.0013158029374018554,99,50,2043.876892574457,2.999999999999993,-2.998684197062591,0.0013158029373654813,0.0,34.38771362586605
13,49,1326,1989,5,False,0.0012647140922910083,101,51,2084.8201019390485,2.9999999999999964,-2.9987352859077054,0.0012647140922687856,0.0,35.0359008509064
13,50,1352,2028,5,False,0.0012165438476272605,103,52,2125.763311280618,3.0000000000000244,-2.998783456152397,0.001216543847622735,0.0,35.68473495416501
14,0,56,84,5,False,0.5857864376269077,9,9,84.22849835968957,3.0000000000000044,-2.4142135623730967,0.12137197963712704,0.0,5.0
14,1,84,126,5,False,0.3542486889354173,11,11,128.38400375152972,3.0000000000000018,-2.6457513110645845,0.09592834792902959,0.0,5.871485943775101
14,2,112,168,5,False,0.20206734806819693,12,12,172.64704124201444,3.0000000000000036,-2.7979326519318066,0.08328174331142632,0.0,6.675675675675675
14,3,140,210,5,False,0.13014495531572923,14,14,216.81206549065817,3.0000000000000018,-2.8698550446842725,0.07574943560998232,0.0,7.424460431654676
14,4,168,252,5,False,0.09068708882358045,15,14,261.00326508984426,2.9999999999999987,-2.909312911176418,0.07077104726064665,0.0,8.10878243512974
14,5,196,294,5,False,0.06676365227593539,17,15,305.14975247601046,2.9999999999999973,-2.933236347724062,0.06676365227592918,0.0,8.74065934065934
14,6,224,336,5,False,0.051183605233241725,18,16,349.27338211220473,2.9999999999999964,-2.9488163947667547,0.05118360523324724,0.0,9.332399103139014
14,7,252,378,5,False,0.040477997523340026,20,17,393.38436188182715,3.0000000000000147,-2.9595220024766746,0.040477997523304346,0.0,9.898185037627268
14,8,280,420,5,False,0.03280838751848014,21,17,437.4879341278302,2.999999999999999,-2.967191612481519,0.032808387518487525,0.0,10.446953405017922
14,9,308,462,5,False,0.027127332955845684,23,18,481.58698717522464,2.9999999999999942,-2.9728726670441485,0.027127332955894805,0.0,10.985786200769914
14,10,336,504,5,False,0.022802776913110723,24,18,525.683198616372,3.0000000000000027,-2.977197223086892,0.022802776913109845,0.0,11.519154228855722
14,11,364,546,5,False,0.019435075408685165,26,19,569.7775823609708,3.0000000000000053,-2.98056492459132,0.019435075408662413,0.0,12.051705869887687
14,12,392,588,5,False,0.016761550139275716,27,19,613.8707698829032,2.9999999999999973,-2.9832384498607216,0.016761550139292668,0.0,12.586225794665692
14,13,420,630,5,False,0.014603811395325295,29,20,657.9631635672795,3.000000000000006,-2.985396188604681,0.014603811395349784,0.0,13.125059665871122
14,14,448,672,5,False,0.012837279019931813,31,20,702.0550244066218,3.00000000000001,-2.9871627209800784,0.012837279019951676,0.0,13.669602908277405
14,15,476,714,5,False,0.01137282373066828,33,21,746.1465240942108,2.999999999999993,-2.9886271762693246,0.011372823730659632,0.0,14.220557275541795
14,16,504,756,5,False,0.010145319242287343,35,22,790.2377769026858,3.0000000000000115,-2.989854680757724,0.010145319242275188,0.0,14.77810912303954
14,17,532,798,5,False,0.009106285136351033,37,23,834.3288596487778,2.9999999999999987,-2.9908937148636476,0.009106285136329047,0.0,15.342154822083458
14,18,560,840,5,False,0.008219031683557088,39,23,878.4198244254287,3.0000000000000138,-2.9917809683164567,0.008219031683533447,0.0,15.912432915921288
14,19,588,882,5,False,0.0074553796308443054,41,24,922.5107068400328,3.000000000000005,-2.9925446203691606,0.0074553796308279695,0.0,16.488602255212136
14,20,616,924,5,False,0.00679339712007776,43,24,966.601531409053,3.0000000000000004,-2.9932066028799227,0.006793397120125689,0.0,17.07028824833703
14,21,644,966,5,False,0.006215808688742275,45,25,1010.6923151267667,2.9999999999999942,-2.993784191311252,0.00621580868871439,0.0,17.657110014199745
14,22,672,1008,5,False,0.005708857593251793,47,25,1054.7830698474877,2.9999999999999885,-2.9942911424067367,0.005708857593299074,0.0,18.24869597615499
14,23,700,1050,5,False,0.005261479651692547,49,26,1098.8738038887905,2.9999999999999956,-2.994738520348303,0.00526147965172651,0.0,18.84469241773963
14,24,728,1092,5,False,0.004864694810562842,51,26,1142.9645231186885,3.0000000000000075,-2.9951353051894447,0.004864694810557823,0.0,19.4447677494445
14,25,756,1134,5,False,0.0045111532559949374,53,27,1187.0552316981193,3.0000000000000093,-2.9954888467440144,0.004511153255984728,0.0,20.048614177090997
14,26,784,1176,5,False,0.004194792785556789,55,28,1231.1459325914734,2.9999999999999862,-2.9958052072144294,0.004194792785581734,0.0,20.655947819740923
14,27,812,1218,5,False,0.003910577332917331,57,29,1275.2366279198573,2.9999999999999774,-2.99608942266706,0.003910577332926265,0.0,21.26650792975892
14,28,840,1260,5,False,0.0036542954002878325,59,30,1319.3273192070455,3.000000000000016,-2.996345704599728,0.003654295400289387,0.0,21.88005562177195
14,29,868,1302,5,False,0.003422403212687275,61,31,1363.4180075516945,2.999999999999999,-2.996577596787312,0.0034224032126920793,0.0,22.49637236298694
14,30,896,1344,5,False,0.0032119016038265613,63,32,1407.5086937485778,2.999999999999977,-2.9967880983961503,0.0032119016038548174,0.0,23.115258379888267
14,31,924,1386,5,False,0.003020238591479263,65,33,1451.5993783743793,2.999999999999996,-2.9969797614085167,0.0030202385914781986,0.0,23.736531074559245
14,32,952,1428,5,False,0.002845231693878514,67,34,1495.690061848687,2.9999999999999982,-2.9971547683061197,0.0028452316938775736,0.0,24.360023504670007
14,33,980,1470,5,False,0.0026850055456333344,69,35,1539.7807444775337,2.999999999999999,-2.9973149944543658,0.0026850055456529376,0.0,24.985582956369473
14,34,1008,1512,5,False,0.0025379414633106556,71,36,1583.871426484637,2.99999999999999,-2.997462058536679,0.0025379414633258154,0.0,25.613069623744895
14,35,1036,1554,5,False,0.002402636415260062,73,37,1627.962108033862,2.9999999999999876,-2.9975973635847275,0.002402636415281213,0.0,26.242355398877137
14,36,1064,1596,5,False,0.0022778694437777247,75,38,1672.0527892454534,2.999999999999994,-2.997722130556216,0.0022778694437417804,0.0,26.873322770708523
14,37,1092,1638,5,False,0.0021625740316251196,77,39,1716.143470207793,3.000000000000012,-2.997837425968387,0.002162574031620285,0.0,27.505863827587017
14,38,1120,1680,5,False,0.002055815240607828,79,40,1760.2341509859318,2.9999999999999782,-2.9979441847593704,0.002055815240613496,0.0,28.139879356568365
14,39,1148,1722,5,False,0.0019567707027943193,81,41,1804.324831627821,3.0000000000000218,-2.9980432292972274,0.0019567707027828255,0.0,28.775278031768984
14,40,1176,1764,5,False,0.0018647147393746621,83,42,1848.4155121688386,2.999999999999992,-2.9981352852606173,0.0018647147393912407,0.0,29.411975683890578
14,41,1204,1806,5,False,0.0017790050341401908,85,43,1892.5061926351236,3.0000000000000266,-2.9982209949658865,0.0017790050340911975,0.0,30.04989464323687
14,42,1232,1848,5,False,0.0016990714004534446,87,44,1936.5968730460004,3.0000000000000058,-2.9983009285995523,0.0016990714004434106,0.0,30.688963148955025
14,43,1260,1890,5,False,0.0016244062760892852,89,45,1980.6875534157703,3.000000000000002,-2.998375593723913,0.0016244062760781088,0.0,31.329114817756597
14,44,1288,1932,5,False,0.0015545566473962324,91,46,2024.7782337550266,3.0000000000000098,-2.9984454433526135,0.0015545566473455816,0.0,31.97028816594034
14,45,1316,1974,5,False,0.0014891171629263233,93,47,2068.868914071623,3.000000000000028,-2.9985108828371017,0.0014891171628903391,0.0,32.61242617911172
14,46,1344,2016,5,False,0.0014277242403450963,95,48,2112.9595943713766,3.0000000000000004,-2.9985722757596553,0.0014277242403730674,0.0,33.255475924547035
14,47,1372,2058,5,False,0.0013700510064311722,97,49,2157.0502746586153,3.00000000000002,-2.998629948993589,0.0013700510063894722,0.0,33.89938820167016
14,48,1400,2100,5,False,0.0013158029373583346,99,50,2201.140954936543,2.999999999999987,-2.998684197062629,0.0013158029373837351,0.0,34.54411722659042
14,49,1428,2142,5,False,0.0012647140922679156,101,51,2245.231635207545,2.9999999999999982,-2.9987352859077303,0.0012647140922562472,0.0,35.189620347087676
14,50,1456,2184,5,False,0.0012165438476059443,103,52,2289.3223154733932,3.00000000000001,-2.9987834561524043,0.0012165438476064456,0.0,35.83585778482686
15,0,60,90,5,False,0.58946460709842,10,10,89.87586632141787,3.000000000000013,-2.410535392901593,0.10622239584316026,0.0,5.254237288135593
15,1,90,135,5,False,0.3542486889354164,11,11,137.7689557598807,3.0000000000000053,-2.645751311064589,0.08407340297474124,0.0,6.131086142322097
15,2,120,180,5,False,0.20206734806820448,13,13,185.09317337028213,3.0000000000000138,-2.7979326519318093,0.07304961514914951,0.0,6.949579831932773
15,3,150,225,5,False,0.13014495531571502,14,14,232.30003353395463,3.0,-2.869855044684285,0.06647322783441262,0.0,7.714093959731543
15,4,180,270,5,False,0.09068708882357779,16,15,279.4837009368342,2.9999999999999942,-2.9093129111764164,0.06211862899349753,0.0,8.41806331471136
15,5,210,315,5,False,0.06676365227590475,17,16,326.7311120072443,2.999999999999997,-2.933236347724092,0.05903208712539704,0.0,9.068352699931648
15,6,240,360,5,False,0.05118360523328347,19,16,373.99983991455235,3.000000000000018,-2.9488163947667347,0.05118360523324306,0.0,9.676778242677825
15,7,270,405,5,False,0.04047799752331871,20,17,421.25638942485494,2.9999999999999964,-2.9595220024766777,0.040477997523302015,0.0,10.254027261462205
15,8,300,450,5,False,0.03280838751845083,22,18,468.50587701893954,2.999999999999971,-2.9671916124815203,0.03280838751850139,0.0,10.811036789297658
15,9,330,495,5,False,0.027127332955892314,23,19,515.751029170362,2.9999999999999987,-2.9728726670441064,0.027127332955886797,0.0,11.354794142028185
15,10,360,540,5,False,0.022802776913108502,25,19,562.9933830562634,3.0,-2.9771972230868915,0.022802776913103593,0.0,11.890900649953574
15,11,390,585,5,False,0.019435075408634095,26,20,610.2338464708341,2.9999999999999885,-2.9805649245913544,0.01943507540866008,0.0,12.422978050227407
15,12,420,630,5,False,0.016761550139275716,28,20,657.4729775371165,2.9999999999999947,-2.983238449860719,0.016761550139305297,0.0,12.954824411864985
15,13,450,675,5,False,0.014603811395323074,29,21,704.7111323885119,3.0000000000000204,-2.9853961886046974,0.01460381139534123,0.0,13.488789903489236
15,14,480,720,5,False,0.012837279019938919,31,21,751.9485465753337,3.0000000000000067,-2.9871627209800677,0.012837279019948564,0.0,14.02687891440501
15,15,510,765,5,False,0.011372823730659842,33,22,799.1853814748883,3.0000000000000075,-2.9886271762693477,0.011372823730661931,0.0,14.570322431526638
15,16,540,810,5,False,0.010145319242261586,35,22,846.4217514885281,2.9999999999999893,-2.9898546807577278,0.01014531924229655,0.0,15.11976911976912
15,17,570,855,5,False,0.009106285136339487,37,23,893.6577403730737,2.9999999999999933,-2.990893714863654,0.00910628513635368,0.0,15.675423180094349
15,18,600,900,5,False,0.008219031683531774,39,24,940.8934112810805,2.999999999999996,-2.9917809683164642,0.008219031683558945,0.0,16.237228714524207
15,19,630,945,5,False,0.0074553796308198805,41,25,988.1288130842324,2.999999999999997,-2.992544620369177,0.007455379630824347,0.0,16.804981452040277
15,20,660,990,5,False,0.006793397120128386,43,25,1035.3639844584113,3.0000000000000155,-2.993206602879887,0.006793397120125734,0.0,17.37839702027866
15,21,690,1035,5,False,0.00621580868873739,45,26,1082.5989565942552,3.0000000000000075,-2.99378419131127,0.006215808688688918,0.0,17.957152773395595
15,22,720,1080,5,False,0.005708857593285099,47,26,1129.8337550457945,2.9999999999999756,-2.9942911424066905,0.005708857593304096,0.0,18.54091330551692
15,23,750,1125,5,False,0.005261479651703205,49,27,1177.0684010262364,2.999999999999993,-2.9947385203482897,0.0052614796517149315,0.0,19.129345794392524
15,24,780,1170,5,False,0.004864694810557957,51,27,1224.3029123404574,3.000000000000001,-2.995135305189443,0.004864694810560928,0.0,19.72212896218031
15,25,810,1215,5,False,0.0045111532559949374,53,28,1271.5373040726327,3.000000000000002,-2.9954888467440073,0.004511153255986944,0.0,20.31895801858719
15,26,840,1260,5,False,0.004194792785588319,55,28,1318.771589104611,3.0000000000000138,-2.9958052072144254,0.004194792785564114,0.0,20.919547079856972
15,27,870,1305,5,False,0.003910577332935983,57,29,1366.005778514308,3.0,-2.996089422667064,0.003910577332917225,0.0,21.523630014681956
15,28,900,1350,5,False,0.0036542954003015993,59,30,1413.2398818870795,3.0000000000000036,-2.996345704599702,0.003654295400298664,0.0,22.13096032628847
15,29,930,1395,5,False,0.0034224032126952686,61,31,1460.473907562587,2.999999999999984,-2.9965775967872887,0.003422403212701066,0.0,22.741310462168826
15,30,960,1440,5,False,0.0032119016038176795,63,32,1507.7078628329468,2.999999999999999,-2.9967880983961814,0.0032119016038567798,0.0,23.354470802919707
15,31,990,1485,5,False,0.003020238591455726,65,33,1554.9417541034545,2.9999999999999956,-2.99697976140854,0.003020238591456934,0.0,23.9702484909765
15,32,1020,1530,5,False,0.002845231693843875,67,34,1602.1755870241414,2.999999999999999,-2.9971547683061552,0.0028452316938771672,0.0,24.588466201004444
15,33,1050,1575,5,False,0.002685005545645325,69,35,1649.40936659833,3.0000000000000067,-2.9973149944543613,0.0026850055456596337,0.0,25.20896091515729
15,34,1080,1620,5,False,0.0025379414632951125,71,36,1696.6430972728276,3.0000000000000155,-2.9974620585367204,0.0025379414633251583,0.0,25.831582741221297
15,35,1110,1665,5,False,0.002402636415280046,73,37,1743.8767830133538,3.000000000000007,-2.997597363584727,0.002402636415279202,0.0,26.45619379523798
15,36,1140,1710,5,False,0.002277869443750191,75,38,1791.1104273679612,2.999999999999992,-2.997722130556242,0.0022778694437561925,0.0,27.082667159558245
15,37,1170,1755,5,False,0.0021625740315900366,77,39,1838.344033520661,2.9999999999999885,-2.9978374259683984,0.0021625740316057844,0.0,27.710885920466758
15,38,1200,1800,5,False,0.002055815240624259,79,40,1885.577604336969,3.0000000000000027,-2.9979441847593784,0.002055815240628074,0.0,28.3407422852377
15,39,1230,1845,5,False,0.001956770702792099,81,41,1932.8111424027752,3.0000000000000013,-2.9980432292972092,0.0019567707027871063,0.0,28.972136775883627
15,40,1260,1890,5,False,0.0018647147393968666,83,42,1980.0446500576486,3.0000000000000075,-2.9981352852606107,0.001864714739410345,0.0,29.604977495366693
15,41,1290,1935,5,False,0.0017790050341051078,85,43,2027.278129423491,3.0000000000000107,-2.9982209949659056,0.001779005034122582,0.0,30.239179461273388
15,42,1320,1980,5,False,0.0016990714004645469,87,44,2074.5115824292757,3.0000000000000178,-2.998300928599553,0.001699071400420788,0.0,30.874664001654146
15,43,1350,2025,5,False,0.0016244062760857325,89,45,2121.745010832493,3.0000000000000124,-2.9983755937239267,0.001624406276057534,0.0,31.511358207725888
15,44,1380,2070,5,False,0.0015545566473482708,91,46,2168.9784162377864,2.9999999999999964,-2.998445443352648,0.001554556647388241,0.0,32.149194438313835
15,45,1410,2115,5,False,0.0014891171628881317,93,47,2216.211800113224,2.999999999999998,-2.9985108828371096,0.0014891171628779482,0.0,32.78810987119279
15,46,1440,2160,5,False,0.0014277242403459844,95,48,2263.445163804522,3.000000000000003,-2.998572275759657,0.0014277242403593388,0.0,33.4280460968265
15,47,1470,2205,5,False,0.0013700510063996418,97,49,2310.6785085475303,3.000000000000017,-2.9986299489936172,0.0013700510063856747,0.0,34.06894875036468
15,48,1500,2250,5,False,0.0013158029373574465,99,50,2357.911835479225,2.999999999999998,-2.9986841970626403,0.0013158029373892587,0.0,34.71076717811874
15,49,1530,2295,5,False,0.001264714092235053,101,51,2405.1451456473997,2.9999999999999836,-2.9987352859077485,0.0012647140922649963,0.0,35.35345413508765
15,50,1560,2340,5,False,0.0012165438475890689,103,52,2452.378440019239,2.999999999999986,-2.9987834561523967,0.0012165438475986424,0.0,35.996965510435686
